id_soal,teks,soal,jawaban,jawaban_benar,materi,kode_teks,jumlah_dikerjakan,jumlah_benar,kategori_soal
li1,"Penataan Angkutan Umum Gunungkidul
Dinas Perhubungan Gunungkidul telah melakukan kajian terhadap penataan angkutan di daerah tersebut. Armada angkutan perkotaan yang ada ternyata menambah beban konsumen, terutama yang berasal dari daerah-daerah sehingga angkutan perkotaan (angkot) akan dilebur menjadi satu dalam angkutan pedesaan (angkudes). Para penumpang yang berasal dari desa terpaksa berganti angkutan untuk sampai ke kota, baik pusat pemerintahan kabupaten, pasar, maupun tempat lainnya sehingga menambah  biaya. Di samping itu, jumlah kendaraan, khususnya angkudes dan angkot, juga semakin menyusut karena dijual ke luar daerah atau tidak diperpanjang izin trayeknya akibat semakin sepinya penumpang.",Inti bacaan di atas adalah ...,"(A) Dinas Perhubungan Gunungkidul telah melakukan kajian terhadap moda transportasi di wilayah tersebut.
(B) Kajian angkutan di Gunungkidul menyimpulkan perlunya penataan angkutan di daerah tersebut.
(C) Pemerintah Daerah Gunungkidul akan melakukan peleburan angkutan perkotaan dan angkutan pedesaan.
(D) Moda transportasi di Gunungkidul tidak cukup efektif.
(E) Terjadi penyusutan jumlah angkutan yang cukup signifikan .",(A) Dinas Perhubungan Gunungkidul telah melakukan kajian terhadap moda transportasi di wilayah tersebut.,inti bacaan,a1,866,644,1
li2,"Penataan Angkutan Umum Gunungkidul
Dinas Perhubungan Gunungkidul telah melakukan kajian terhadap penataan angkutan di daerah tersebut. Armada angkutan perkotaan yang ada ternyata menambah beban konsumen, terutama yang berasal dari daerah-daerah sehingga angkutan perkotaan (angkot) akan dilebur menjadi satu dalam angkutan pedesaan (angkudes). Para penumpang yang berasal dari desa terpaksa berganti angkutan untuk sampai ke kota, baik pusat pemerintahan kabupaten, pasar, maupun tempat lainnya sehingga menambah  biaya. Di samping itu, jumlah kendaraan, khususnya angkudes dan angkot, juga semakin menyusut karena dijual ke luar daerah atau tidak diperpanjang izin trayeknya akibat semakin sepinya penumpang.",Pernyataan yang tidak berhubungan dengan isi bacaan di atas adalah ...,"(A) Angkutan perkotaan temyata menambah beban konsumen.
(B) Penumpang dari desa harus naik angkutan lebih dari satu kali untuk menuju pusat pemerintahan.
(C) Biaya perpanjangan trayek yang mahal membuat pemilik angkutan tidak memperpanjang izin trayeknya.
(D) Terjadi perubahan jumlah kendaraan di Gunungkidul.
(E) Penumpang semakin berkurang sehingga banyak angkutan yang tidak beroperasi.",(C) Biaya perpanjangan trayek yang mahal membuat pemilik angkutan tidak memperpanjang izin trayeknya.,Pernyataan yang tidak ada di teks,a1,969,703,1
li3,"Membaca Naskah Lontar Lombok
Etnis Sasak, Lombok, Nusa Tenggara Barat, memiliki kekayaan seni budaya yang beragam. Salah satu di antaranya adalah naskah lontar atau takepan yang masih banyak disimpan masyarakat. Naskah lontar antara lain berisi ajaran akhlak, cerita, falsafah, upacara adat, keagamaan, dan solidaritas sosial. Naskah ini beraksara Jawa Kuno, Jawa, Bali, dan Sasak atau Jejawan. Keberadaan naskah ini kemudian melahirkan tradisi membaca naskah lontar.
Tradisi membaca naskah lontar biasanya diselenggarakan pada acara tertentu, seperti khitanan, ngurisang atau potong rambut pada anak balita, dan pernikahan. Naskah yang dibacakan pada beragam acara tersebut disesuaikan dengan permintaan si empunya hajat. Dalam acara ngurisang, naskah yang dibacakan bisa takepan indarjaya, sedangkan dalam acara pernikahan dapat dibacakan naskah Dewi Rengganis. Takepan lndarjaya berisi kisah putri bisu yang kemudian bisa berbicara setelah disapa seorang pemuda. Adapun naskah Dewi Rengganis berisi pedoman muda-mudi dalam memilih jodoh.
Salah satu pembaca takepan yang relatif populer adalah Nari alias Amak Nurmini atau Mini. Usianya sudah lanjut, 70 tahun. Namun, ia masih sering kali mendapat permintaan warga Lombok untuk membaca takepan demi meramaikan acara yang mereka selenggarakan. Adapun upacara pembacaan naskah lontar ini terbuka untuk masyarakat secara umum sebagai bagian dari kegiatan pariwisata Lombok.",Ide pokok bacaan di atas adalah ...,"(A) kekayaan budaya Lombok.
(B) membaca naskah lontar sebagai tradisi di Lombok.
(C) pembaca lontar yang populer di Lombok.
(D) isi naskah lontar Lombok.
(E) perlunya pelestarian naskah lontar Lombok.",(B) membaca naskah lontar sebagai tradisi di Lombok.,ide pokok ,a2,299,119,3
li4,"Membaca Naskah Lontar Lombok
Etnis Sasak, Lombok, Nusa Tenggara Barat, memiliki kekayaan seni budaya yang beragam. Salah satu di antaranya adalah naskah lontar atau takepan yang masih banyak disimpan masyarakat. Naskah lontar antara lain berisi ajaran akhlak, cerita, falsafah, upacara adat, keagamaan, dan solidaritas sosial. Naskah ini beraksara Jawa Kuno, Jawa, Bali, dan Sasak atau Jejawan. Keberadaan naskah ini kemudian melahirkan tradisi membaca naskah lontar.
Tradisi membaca naskah lontar biasanya diselenggarakan pada acara tertentu, seperti khitanan, ngurisang atau potong rambut pada anak balita, dan pernikahan. Naskah yang dibacakan pada beragam acara tersebut disesuaikan dengan permintaan si empunya hajat. Dalam acara ngurisang, naskah yang dibacakan bisa takepan indarjaya, sedangkan dalam acara pernikahan dapat dibacakan naskah Dewi Rengganis. Takepan lndarjaya berisi kisah putri bisu yang kemudian bisa berbicara setelah disapa seorang pemuda. Adapun naskah Dewi Rengganis berisi pedoman muda-mudi dalam memilih jodoh.
Salah satu pembaca takepan yang relatif populer adalah Nari alias Amak Nurmini atau Mini. Usianya sudah lanjut, 70 tahun. Namun, ia masih sering kali mendapat permintaan warga Lombok untuk membaca takepan demi meramaikan acara yang mereka selenggarakan. Adapun upacara pembacaan naskah lontar ini terbuka untuk masyarakat secara umum sebagai bagian dari kegiatan pariwisata Lombok.",Inti bacaan di atas adalah ...,"(A) Membaca naskah lontar menjadi tradisi di Lombok.
(B) Tradisi membaca naskah lontar sudah mulai ditinggalkan.
(C) Naskah lontar memiliki banyak ajaran.
(D) Membaca naskah lontar dilakukan dalam acara tertentu.
(E) Pembaca naskah lontar sudah Ianjut usia.",(D) Membaca naskah lontar dilakukan dalam acara tertentu.,inti bacaan,a2,252,39,3
li5,"Membaca Naskah Lontar Lombok
Etnis Sasak, Lombok, Nusa Tenggara Barat, memiliki kekayaan seni budaya yang beragam. Salah satu di antaranya adalah naskah lontar atau takepan yang masih banyak disimpan masyarakat. Naskah lontar antara lain berisi ajaran akhlak, cerita, falsafah, upacara adat, keagamaan, dan solidaritas sosial. Naskah ini beraksara Jawa Kuno, Jawa, Bali, dan Sasak atau Jejawan. Keberadaan naskah ini kemudian melahirkan tradisi membaca naskah lontar.
Tradisi membaca naskah lontar biasanya diselenggarakan pada acara tertentu, seperti khitanan, ngurisang atau potong rambut pada anak balita, dan pernikahan. Naskah yang dibacakan pada beragam acara tersebut disesuaikan dengan permintaan si empunya hajat. Dalam acara ngurisang, naskah yang dibacakan bisa takepan indarjaya, sedangkan dalam acara pernikahan dapat dibacakan naskah Dewi Rengganis. Takepan lndarjaya berisi kisah putri bisu yang kemudian bisa berbicara setelah disapa seorang pemuda. Adapun naskah Dewi Rengganis berisi pedoman muda-mudi dalam memilih jodoh.
Salah satu pembaca takepan yang relatif populer adalah Nari alias Amak Nurmini atau Mini. Usianya sudah lanjut, 70 tahun. Namun, ia masih sering kali mendapat permintaan warga Lombok untuk membaca takepan demi meramaikan acara yang mereka selenggarakan. Adapun upacara pembacaan naskah lontar ini terbuka untuk masyarakat secara umum sebagai bagian dari kegiatan pariwisata Lombok.",Pernyataan yang berhubungan dengan isi bacaan di atas adalah ...,"(A) Naskah lontar tergerus oleh kemajuan teknologi.
(B) Ada banyak naskah lontar yang hilang.
(C) Generasi muda sudah tidak tertarik membaca naskah lontar. 
(D) Nari adalah salah seorang pembaca naskah lontar.
(E) Ada lomba membaca naskah lontar.",(D) Nari adalah salah seorang pembaca naskah lontar,pernyataan yang ada di teks,a2,976,399,2
li6,"AS Keluarkan Turki dari Program Jet Tempur F-35
1Amerika Serikat telah mengakhiri keikutsertaan Turki dalam program jet tempur F-35. 2Keputusan itu merupakan respons atas pembelian sistem pertahanan S-400 Rusia senilai 2,5 miliar dolar oleh Turki. 3Gedung Putih menyebutkan Turki akan tetap menjadi mitra strategis yang penting dan bahwa kerjasama keamanan akan berlanjut.
4Pengumuman dikeluarkannya Turki dari program jet tempur F-35 itu muncul setelah kiriman pertama S-400 tiba di Turki. 5Sistem pertahanan S-400 buatan Rusia tersebut diterbangkan ke pangkalan militer di ibukota Turki, Ankara. 6Para pejabat Pentagon memperingatkan kembali anggota NATO itu mengenai larangan pembelian dari Rusia. 7Pembelian S-400 oleh Turki tidak konsisten dengan berbagai komitmen-komitmennya terhadap NATO. 8Tindakan ini akan berdampak buruk bagi interoperabilitas Turki dengan sekutu.",Kalimat yang dapat menjadi perbaikan kalimat (7) adalah....,"(A) Pembelian S-400 kepada Turki tidak berkonsisten dengan berbagai komitmen-komitmennya terhadap NATO.
(B) Turki tidak konsisten dengan berbagai komitmen-komitmennya terhadap NATO.
(C) Pembelian S-400 oleh Turki tidak konsisten dengan komitmen-komitmennya terhadap NATO.
(D) Pembelian S-400 oleh Turki tidak konsisten kepada NATO.
(E) Turki tidak konsisten dengan membeli S-400.",(C) Pembelian S-400 oleh Turki tidak konsisten dengan komitmen-komitmennya terhadap NATO,perbaikan kalimat,a3,58,43,1
li7,"AS Keluarkan Turki dari Program Jet Tempur F-35
1Amerika Serikat telah mengakhiri keikutsertaan Turki dalam program jet tempur F-35. 2Keputusan itu merupakan respons atas pembelian sistem pertahanan S-400 Rusia senilai 2,5 miliar dolar oleh Turki. 3Gedung Putih menyebutkan Turki akan tetap menjadi mitra strategis yang penting dan bahwa kerjasama keamanan akan berlanjut.
4Pengumuman dikeluarkannya Turki dari program jet tempur F-35 itu muncul setelah kiriman pertama S-400 tiba di Turki. 5Sistem pertahanan S-400 buatan Rusia tersebut diterbangkan ke pangkalan militer di ibukota Turki, Ankara. 6Para pejabat Pentagon memperingatkan kembali anggota NATO itu mengenai larangan pembelian dari Rusia. 7Pembelian S-400 oleh Turki tidak konsisten dengan berbagai komitmen-komitmennya terhadap NATO. 8Tindakan ini akan berdampak buruk bagi interoperabilitas Turki dengan sekutu.",Fakta terkait pembelian S400 oleh Turki terdapat pada kalimat....,"(A) Kalimat (2)
(B) Kalimat (5)
(C) Kalimat (8)
(D) Kalimat (1)
(E) Kalimat (3)",(B) Kalimat 5,pernyataan yang ada di teks,a3,843,146,3
li8,"AS Keluarkan Turki dari Program Jet Tempur F-35
1Amerika Serikat telah mengakhiri keikutsertaan Turki dalam program jet tempur F-35. 2Keputusan itu merupakan respons atas pembelian sistem pertahanan S-400 Rusia senilai 2,5 miliar dolar oleh Turki. 3Gedung Putih menyebutkan Turki akan tetap menjadi mitra strategis yang penting dan bahwa kerjasama keamanan akan berlanjut.
4Pengumuman dikeluarkannya Turki dari program jet tempur F-35 itu muncul setelah kiriman pertama S-400 tiba di Turki. 5Sistem pertahanan S-400 buatan Rusia tersebut diterbangkan ke pangkalan militer di ibukota Turki, Ankara. 6Para pejabat Pentagon memperingatkan kembali anggota NATO itu mengenai larangan pembelian dari Rusia. 7Pembelian S-400 oleh Turki tidak konsisten dengan berbagai komitmen-komitmennya terhadap NATO. 8Tindakan ini akan berdampak buruk bagi interoperabilitas Turki dengan sekutu.",Inti kalimat (3) adalah....,"(A) Gedung Putih menyebutkan Turki tetap menjadi mitra strategis
(B) Turki tetap menjadi mitra strategis yang penting
(C) Kerjasama keamanan akan berlanjut
(D) Gedung Putih menyebutkan Turki
(E) Mitra strategis yang penting dan bahwa kerjasama keamanan akan berlanjut",(A) Gedung Putih menyebutkan Turki tetap menjadi mitra strategis,inti kalimat,a3,967,561,2
li9,"AS Keluarkan Turki dari Program Jet Tempur F-35
1Amerika Serikat telah mengakhiri keikutsertaan Turki dalam program jet tempur F-35. 2Keputusan itu merupakan respons atas pembelian sistem pertahanan S-400 Rusia senilai 2,5 miliar dolar oleh Turki. 3Gedung Putih menyebutkan Turki akan tetap menjadi mitra strategis yang penting dan bahwa kerjasama keamanan akan berlanjut.
4Pengumuman dikeluarkannya Turki dari program jet tempur F-35 itu muncul setelah kiriman pertama S-400 tiba di Turki. 5Sistem pertahanan S-400 buatan Rusia tersebut diterbangkan ke pangkalan militer di ibukota Turki, Ankara. 6Para pejabat Pentagon memperingatkan kembali anggota NATO itu mengenai larangan pembelian dari Rusia. 7Pembelian S-400 oleh Turki tidak konsisten dengan berbagai komitmen-komitmennya terhadap NATO. 8Tindakan ini akan berdampak buruk bagi interoperabilitas Turki dengan sekutu.",Simpulan bacaan di atas adalah....,"(A) Turki tidak akan menjual S-400 yang dibeli dari Rusia
(B) Amerika Serikat memperingatkan anggota NATO untuk tidak jadi membeli S-400 dari Rusia
(C) Pembelian S-400 merupakan pelanggaran komitmen Turki terhadap NATO
(D) Pembelian senjata buatan Rusia terlarang bagi anggota NATO
(E) Amerika Serikat akan tetap bekerja sama dengan Turki dalam program F-35",(C) Pembelian S-400 merupakan pelanggaran komitmen Turki terhadap NATO,kesimpulan,a3,753,64,3
li10,"Keraton Surosowan: Fungsi dan Sejarah Berdirinya
Keraton merupakan bangunan yang berperan penting bagi sebuah kerajaan. Contohnya adalah Keraton Surosowan, yang berperan penting dalam percaturan sejarah masa lalu. Keraton ini merupakan pusat dari Kerajaan Banten pada abad XVI sampai awal XIX Masehi. Seperti halnya keraton di Jawa, Keraton Surosowan juga memiliki makna ganda, yakni sebagai bangunan tempat tinggal sultan dan keluarganya beserta perangkat kerajaan lainnya, serta sebagai pusat kerajaan, dalam hal ini kerajaan Banten. Mengikuti pola umum tata kota kerajaan Islam di Indonesia, Keraton Surosowan juga merupakan pusat Kota Banten.
Dalam perjalanan sejarahnya, Keraton Surosowan mengalami pasang surut. Keraton ini pertama kali dibangun pada masa Sultan Hasanuddin. Akan tetapi, keraton itu kemudian hancur dan dibangun kembali oleh Sultan Haji tahun 1680 sampai dengan 1681. Pada tahun 1808, keraton ini mengalami kehancuran kembali oleh Belanda. Sejak saat itu, Keraton Surosowan hanya berupa puing-puing
Saat ini, sebagian besar sisa-sisa bangunan masih terpendam di dalam tanah. Hanya sebagian kecil yang sudah dimunculkan melalui beberapa kali ekskavasi yang dilaksanakan oleh Direktorat Perlindungan dan Pembinaan Peninggalan Sejarah dan Purbakala, Pusat Penelitian Arkeologi Nasional, dan Universitas Indonesia, sejak 1967. Berdasarkan hasil penelitian tersebut, diketahui bahwa sisa-sisa bangunan yang menarik dan masih dapat diamati, antara lain tembok keliling, struktur fondasi bangunan, struktur lantai, saluran air, kolam pemandian, dan sisa bangunan lainnya.",Simpulan yang sesuai dengan bacaan di atas adalah ...,"(A) Kerajaan Banten adalah salah satu kerajaan Islam di Indonesia.
(B) Keraton Surosowan merupakan bukti bahwa Kerajaan Banten pernah berjaya.
(C) Para peneliti pernah melakukan penggalian di Situs Keraton Surosowan.
(D) Keraton Surosowan dibangun pada masa Sultan Hasanuddin.
(E) Keraton Surosowan saat ini hanya berupa puing-puing.",(B) Keraton Surosowan merupakan bukti bahwa Kerajaan Banten pernah berjaya.,kesimpulan,a4,768,168,3
li11,"Keraton Surosowan: Fungsi dan Sejarah Berdirinya
Keraton merupakan bangunan yang berperan penting bagi sebuah kerajaan. Contohnya adalah Keraton Surosowan, yang berperan penting dalam percaturan sejarah masa lalu. Keraton ini merupakan pusat dari Kerajaan Banten pada abad XVI sampai awal XIX Masehi. Seperti halnya keraton di Jawa, Keraton Surosowan juga memiliki makna ganda, yakni sebagai bangunan tempat tinggal sultan dan keluarganya beserta perangkat kerajaan lainnya, serta sebagai pusat kerajaan, dalam hal ini kerajaan Banten. Mengikuti pola umum tata kota kerajaan Islam di Indonesia, Keraton Surosowan juga merupakan pusat Kota Banten.
Dalam perjalanan sejarahnya, Keraton Surosowan mengalami pasang surut. Keraton ini pertama kali dibangun pada masa Sultan Hasanuddin. Akan tetapi, keraton itu kemudian hancur dan dibangun kembali oleh Sultan Haji tahun 1680 sampai dengan 1681. Pada tahun 1808, keraton ini mengalami kehancuran kembali oleh Belanda. Sejak saat itu, Keraton Surosowan hanya berupa puing-puing
Saat ini, sebagian besar sisa-sisa bangunan masih terpendam di dalam tanah. Hanya sebagian kecil yang sudah dimunculkan melalui beberapa kali ekskavasi yang dilaksanakan oleh Direktorat Perlindungan dan Pembinaan Peninggalan Sejarah dan Purbakala, Pusat Penelitian Arkeologi Nasional, dan Universitas Indonesia, sejak 1967. Berdasarkan hasil penelitian tersebut, diketahui bahwa sisa-sisa bangunan yang menarik dan masih dapat diamati, antara lain tembok keliling, struktur fondasi bangunan, struktur lantai, saluran air, kolam pemandian, dan sisa bangunan lainnya.",Pernyataan yang tidak sesuai dengan isi bacaan di atas adalah ...,"(A) Keraton Surosowan dibangun kembali pada masa Belanda.
(B) Keraton Surosowan tidak hanya merupakan tempat tinggal raja dan keluarganya.
(C) Sisa-sisa bangunan Keraton Surosowan masih dapat ditemukan sampai saat ini.
(D) Sultan-sultan yang telah membangun Keraton Surosowan adalah Sultan Hasanudin dan Sultan Haji.
(E) Para arkeolog telah melakukan penggalian pada situs Keraton Surosowan sejak tahun 1960-an.",(A) Keraton Surosowan dibangun kembali pada masa Belanda.,Pernyataan yang tidak ada di teks,a4,793,120,3
li12,"Keraton Surosowan: Fungsi dan Sejarah Berdirinya
Keraton merupakan bangunan yang berperan penting bagi sebuah kerajaan. Contohnya adalah Keraton Surosowan, yang berperan penting dalam percaturan sejarah masa lalu. Keraton ini merupakan pusat dari Kerajaan Banten pada abad XVI sampai awal XIX Masehi. Seperti halnya keraton di Jawa, Keraton Surosowan juga memiliki makna ganda, yakni sebagai bangunan tempat tinggal sultan dan keluarganya beserta perangkat kerajaan lainnya, serta sebagai pusat kerajaan, dalam hal ini kerajaan Banten. Mengikuti pola umum tata kota kerajaan Islam di Indonesia, Keraton Surosowan juga merupakan pusat Kota Banten.
Dalam perjalanan sejarahnya, Keraton Surosowan mengalami pasang surut. Keraton ini pertama kali dibangun pada masa Sultan Hasanuddin. Akan tetapi, keraton itu kemudian hancur dan dibangun kembali oleh Sultan Haji tahun 1680 sampai dengan 1681. Pada tahun 1808, keraton ini mengalami kehancuran kembali oleh Belanda. Sejak saat itu, Keraton Surosowan hanya berupa puing-puing
Saat ini, sebagian besar sisa-sisa bangunan masih terpendam di dalam tanah. Hanya sebagian kecil yang sudah dimunculkan melalui beberapa kali ekskavasi yang dilaksanakan oleh Direktorat Perlindungan dan Pembinaan Peninggalan Sejarah dan Purbakala, Pusat Penelitian Arkeologi Nasional, dan Universitas Indonesia, sejak 1967. Berdasarkan hasil penelitian tersebut, diketahui bahwa sisa-sisa bangunan yang menarik dan masih dapat diamati, antara lain tembok keliling, struktur fondasi bangunan, struktur lantai, saluran air, kolam pemandian, dan sisa bangunan lainnya.",Kalimat topik paragraf kedua di atas adalah ....,"(A) Keraton Surosowan mengalami pasang surut.
(B) Keraton itu kemudian hancur dan dibangun kembali oleh Sultan Haji tahun 1680 sampai dengan 1681.
(C) Keraton ini mengalami kehancuran kembali oleh Belanda.
(D) Keraton Surosowan hanya berupa puing-puing.
(E) Keraton itu dibangun kembali oleh Sultan Haji tahun 1680 sampai dengan 1681.",(A) Keraton Surosowan mengalami pasang surut.,topik,a4,39,8,3
li13,"Memahami FOMO, Fear of Missing Out
Kemajuan teknologi membuai siapa saja yang memanfaatkannya. Tak jarang kemajuan teknologi membuat orang kecanduan dan tidak bisa lepas dari perangkat digital dalam hubungan sosial. Ada sindrom yang membuat orang-orang takut dan gelisah jika berjauhan dengan perangkat teknologi dan kehidupan di media sosial, yaitu Fear of Missing Out (FOMO). Lalu, mengapa fenomena FOMO ini lebih banyak terjadi pada perempuan?
FOMO adalah sebuah fenomena mengenai seseorang yang merasa takut dan gelisah jika tidak mengikuti obrolan dan isu-isu di media sosial. FOMO disebut-sebut sebagai pemicu terjadinya nomophobia atau ketakutan jika berjauhan dengan telepon genggam. Beberapa jenis gangguan kejiwaan tersebut disebabkan oleh fenomena FOMO. FOMO telah diteliti secara mendalam dan dipublikasikan di jurnal Computers in Human Behaviour pada tahun 2013 silam. 
Faktor yang membuat FOMO semakin fenomenal adalah tingkat pengguna media sosial yang sangat tinggi saat ini, terutama di tanah air. Hasil penelitian tentang FOMO menunjukkan bahwa sampel objek di bawah usia 30 tahun memiliki kecenderungan tertinggi mengalami FOMO. Selain itu, uniknya, perempuan disebut lebih banyak mengalami FOMO daripada laki-laki.",Pernyataan yang tidak berhubungan dengan bacaan di atas adalah ...,"(A) FOMO lebih banyak dialami oleh perempuan
(B) FOMO adalah penyakit yang sama dengan nomophobia
(C) Pengguna media sosial yang sangat tinggi membuat FOMO semakin fenomenal
(D) Kemajuan teknologi membuat orang kecanduan menggunakan perangkat digital dalam hubungan sosial
(E) Kecenderungan tertinggi FOMO dialami oleh orang di bawah usia 30 tahun",(B) FOMO adalah penyakit yang sama dengan nomophobia,Pernyataan yang tidak ada di teks,a5,126,62,2
li14,"Memahami FOMO, Fear of Missing Out
Kemajuan teknologi membuai siapa saja yang memanfaatkannya. Tak jarang kemajuan teknologi membuat orang kecanduan dan tidak bisa lepas dari perangkat digital dalam hubungan sosial. Ada sindrom yang membuat orang-orang takut dan gelisah jika berjauhan dengan perangkat teknologi dan kehidupan di media sosial, yaitu Fear of Missing Out (FOMO). Lalu, mengapa fenomena FOMO ini lebih banyak terjadi pada perempuan?
FOMO adalah sebuah fenomena mengenai seseorang yang merasa takut dan gelisah jika tidak mengikuti obrolan dan isu-isu di media sosial. FOMO disebut-sebut sebagai pemicu terjadinya nomophobia atau ketakutan jika berjauhan dengan telepon genggam. Beberapa jenis gangguan kejiwaan tersebut disebabkan oleh fenomena FOMO. FOMO telah diteliti secara mendalam dan dipublikasikan di jurnal Computers in Human Behaviour pada tahun 2013 silam. 
Faktor yang membuat FOMO semakin fenomenal adalah tingkat pengguna media sosial yang sangat tinggi saat ini, terutama di tanah air. Hasil penelitian tentang FOMO menunjukkan bahwa sampel objek di bawah usia 30 tahun memiliki kecenderungan tertinggi mengalami FOMO. Selain itu, uniknya, perempuan disebut lebih banyak mengalami FOMO daripada laki-laki.",Maksud “fenomenal” dalam bacaan di atas adalah ...,"(A) Ajaib
(B) Menghebohkan
(C) Luar biasa
(D) Menggejala
(E) Bombastis",(C) Luar Biasa,Makna kata,a5,445,334,1
li15,"Memahami FOMO, Fear of Missing Out
Kemajuan teknologi membuai siapa saja yang memanfaatkannya. Tak jarang kemajuan teknologi membuat orang kecanduan dan tidak bisa lepas dari perangkat digital dalam hubungan sosial. Ada sindrom yang membuat orang-orang takut dan gelisah jika berjauhan dengan perangkat teknologi dan kehidupan di media sosial, yaitu Fear of Missing Out (FOMO). Lalu, mengapa fenomena FOMO ini lebih banyak terjadi pada perempuan?
FOMO adalah sebuah fenomena mengenai seseorang yang merasa takut dan gelisah jika tidak mengikuti obrolan dan isu-isu di media sosial. FOMO disebut-sebut sebagai pemicu terjadinya nomophobia atau ketakutan jika berjauhan dengan telepon genggam. Beberapa jenis gangguan kejiwaan tersebut disebabkan oleh fenomena FOMO. FOMO telah diteliti secara mendalam dan dipublikasikan di jurnal Computers in Human Behaviour pada tahun 2013 silam. 
Faktor yang membuat FOMO semakin fenomenal adalah tingkat pengguna media sosial yang sangat tinggi saat ini, terutama di tanah air. Hasil penelitian tentang FOMO menunjukkan bahwa sampel objek di bawah usia 30 tahun memiliki kecenderungan tertinggi mengalami FOMO. Selain itu, uniknya, perempuan disebut lebih banyak mengalami FOMO daripada laki-laki.",Simpulan bacaan di atas adalah ...,"(A) FOMO lebih banyak dialami oleh perempuan yang usianya di bawah 30 tahun
(B) Nomophobia dipicu oleh FOMO
(C) Kemajuan teknologi memunculkan sindrom baru yang menjadi perhatian khusus
(D) FOMO adalah sindrom baru yang menjadi perhatian khusus
(E) Media sosial membuat orang cenderung mengalami nomophobia dan FOMO",(E) Media sosial membuat orang cenderung mengalami nomophobia dan FOMO,kesimpulan,a5,161,88,2
li16,"Memahami FOMO, Fear of Missing Out
Kemajuan teknologi membuai siapa saja yang memanfaatkannya. Tak jarang kemajuan teknologi membuat orang kecanduan dan tidak bisa lepas dari perangkat digital dalam hubungan sosial. Ada sindrom yang membuat orang-orang takut dan gelisah jika berjauhan dengan perangkat teknologi dan kehidupan di media sosial, yaitu Fear of Missing Out (FOMO). Lalu, mengapa fenomena FOMO ini lebih banyak terjadi pada perempuan?
FOMO adalah sebuah fenomena mengenai seseorang yang merasa takut dan gelisah jika tidak mengikuti obrolan dan isu-isu di media sosial. FOMO disebut-sebut sebagai pemicu terjadinya nomophobia atau ketakutan jika berjauhan dengan telepon genggam. Beberapa jenis gangguan kejiwaan tersebut disebabkan oleh fenomena FOMO. FOMO telah diteliti secara mendalam dan dipublikasikan di jurnal Computers in Human Behaviour pada tahun 2013 silam. 
Faktor yang membuat FOMO semakin fenomenal adalah tingkat pengguna media sosial yang sangat tinggi saat ini, terutama di tanah air. Hasil penelitian tentang FOMO menunjukkan bahwa sampel objek di bawah usia 30 tahun memiliki kecenderungan tertinggi mengalami FOMO. Selain itu, uniknya, perempuan disebut lebih banyak mengalami FOMO daripada laki-laki.",Pertanyaan yang jawabannya terdapat dalam bacaan di atas adalah ...,"(A) Mengapa FOMO menjadi pemicu terjadinya nomophobia?
(B) Di mana dilakukan penelitian terkait FOMO dan nomophobia?
(C) Kapan FOMO mulai fenomenal?
(D) Mengapa orang takut dan gelisah ketika tidak menggenggam telepon genggam?
(E) Apa hasil penelitian yang ada dalam jurnal Computers in Human Behaviour?",(E) Apa hasil penelitian yang ada dalam jurnal Computers in Human Behaviour?,pernyataan yang ada di teks,a5,409,270,2
li17,"Pengelola Sebut ""Memandikan"" Tugu Monas Butuh Biaya Rp 10-18 Miliar
Pengelola Monumen Nasional (Monas) menyebutkan bahwa pembersihan tugu peringatan setinggi 132 meter di Jakarta Pusat itu membutuhkan biaya Rp 10 hingga 18 miliar. ""Untuk pembersihan atau restorasi tugu, kurang lebih anggaran yang diperlukan Rp 10-18 miliar,"" kata Kepala Unit Pengelola Kawasan (UPK) Monas Isa Sarnuri kepada wartawan, Minggu (11/12/2022). Isa mengatakan, Tugu Monas kali terakhir ""dimandikan"" pada 2014. Pengelola berencana membersihkan Tugu Monas pada tahun depan, dengan menggunakan dana dari koefisien lantai bangunan (KLB) atau corporate social responsibility (CSR).
Sebab, Pemerintah Provinsi DKI tidak mengalokasikan anggaran pembersihan Tugu Monas, Jakarta Pusat, dalam Anggaran Pendapatan Belanja Daerah (APBD) 2023. ""Kalau untuk anggaran APBD 2023 memang belum ter-cover karena memerlukan biaya yang cukup besar, tetapi untuk pelaksanaannya nanti dimungkinkan menggunakan sumber dana seperti SP3L, KLB, dan CSR. Itu yang sedang kami usahakan,"" ujar Isa. Sebelumnya, Pemprov DKI berencana menganggarkan dana pembersihan Tugu Monas pada 2023. Rencana tersebut diusulkan Wakil Gubernur DKI saat itu, Ahmad Riza Patria.
Riza mengatakan bahwa biaya pembersihan Tugu Monas baru akan dianggarkan pada 2023. ""Program yang membutuhkan anggaran itu membutuhkan perencanaan dan tahapan, tidak serta merta langsung dilaksanakan. Jadi ada prosesnya,"" ucap Riza dikutip dari TribunJakarta.com, 14 Juli 2022.",Pernyataan yang sesuai dengan teks tersebut adalah ...,"(A) Pembersihan Monas sudah dianggarkan dalam APBD 2023
(B) Pembersihan Monas sudah direncanakan namun belum dilakukan
(C) Pembersihan Monas dapat langsung dilaksanakan
(D) Sumber dana pembersihan Monas telah dianggarkan dari SP3L, dan KLB 2023",(B) Pembersihan Monas sudah direncanakan namun belum dilakukan,pernyataan yang ada di teks,a6,808,652,1
li18,"Pengelola Sebut ""Memandikan"" Tugu Monas Butuh Biaya Rp 10-18 Miliar
Pengelola Monumen Nasional (Monas) menyebutkan bahwa pembersihan tugu peringatan setinggi 132 meter di Jakarta Pusat itu membutuhkan biaya Rp 10 hingga 18 miliar. ""Untuk pembersihan atau restorasi tugu, kurang lebih anggaran yang diperlukan Rp 10-18 miliar,"" kata Kepala Unit Pengelola Kawasan (UPK) Monas Isa Sarnuri kepada wartawan, Minggu (11/12/2022). Isa mengatakan, Tugu Monas kali terakhir ""dimandikan"" pada 2014. Pengelola berencana membersihkan Tugu Monas pada tahun depan, dengan menggunakan dana dari koefisien lantai bangunan (KLB) atau corporate social responsibility (CSR).
Sebab, Pemerintah Provinsi DKI tidak mengalokasikan anggaran pembersihan Tugu Monas, Jakarta Pusat, dalam Anggaran Pendapatan Belanja Daerah (APBD) 2023. ""Kalau untuk anggaran APBD 2023 memang belum ter-cover karena memerlukan biaya yang cukup besar, tetapi untuk pelaksanaannya nanti dimungkinkan menggunakan sumber dana seperti SP3L, KLB, dan CSR. Itu yang sedang kami usahakan,"" ujar Isa. Sebelumnya, Pemprov DKI berencana menganggarkan dana pembersihan Tugu Monas pada 2023. Rencana tersebut diusulkan Wakil Gubernur DKI saat itu, Ahmad Riza Patria.
Riza mengatakan bahwa biaya pembersihan Tugu Monas baru akan dianggarkan pada 2023. ""Program yang membutuhkan anggaran itu membutuhkan perencanaan dan tahapan, tidak serta merta langsung dilaksanakan. Jadi ada prosesnya,"" ucap Riza dikutip dari TribunJakarta.com, 14 Juli 2022.",Dana pembersihan Monas didapatkan dari ...,"(A) Anggaran Pendapatan Belanja Nasional
(B) Bantuan negara lain
(C) Urunan masyarakat Jakarta
(D) Pengusaha di Jakarta
(E) Corporate social responsibility",(E) Corporate social responsibility,pernyataan yang ada di teks,a6,56,40,1
li19,"Ethiopia
Ethiopia adalah negara tertua di dunia. Negeri itu telah terbentuk sejak sebelum 4900 tahun yang lalu. Ethiopia terletak di Afrika timur, tepatnya disebelah selatan pintu masuk Laut Merah (Terusan Suez). Negara tetangganya adlah Kongo, Sudan, Somalia, dan Djiboti. Wilayah Ethiopia cukup luas, hampir dua kali luas Pulau Sumatra, Negeri ini sering dilanda cuaca buruk dan musim kering berkepanjangan. Ethiopia adalah negara peternakan kelas 1 dunia. Jumlah sapi dan kudanya menempati urutan ke-10 dunia dengan 2,6 juta ekor sapi dan 1,5 juta kuda. Ethiopia juga merupakan negara pengekspor kopi terbesar keenam dunia. Pada tahun 1985, akibat kemarau yang sangat panjang, negeri ini menggemparkan dunia karena dilanda krisis pangan dan penduduknya menderita kelaparan hebat.",Ide pokok bacaan di atas adalah ....,"(A) berdirinya negara Ethiopia
(B) letak negara Ethiopia
(C) usia negara Ethiopia
(D) ciri-ciri geografis negara Ethiopia
(E) keadaan alam negara Ethiopia",(D) ciri-ciri geografis negara Ethiopia,ide pokok ,a7,756,216,3
li20,"Ethiopia
Ethiopia adalah negara tertua di dunia. Negeri itu telah terbentuk sejak sebelum 4900 tahun yang lalu. Ethiopia terletak di Afrika timur, tepatnya disebelah selatan pintu masuk Laut Merah (Terusan Suez). Negara tetangganya adlah Kongo, Sudan, Somalia, dan Djiboti. Wilayah Ethiopia cukup luas, hampir dua kali luas Pulau Sumatra, Negeri ini sering dilanda cuaca buruk dan musim kering berkepanjangan. Ethiopia adalah negara peternakan kelas 1 dunia. Jumlah sapi dan kudanya menempati urutan ke-10 dunia dengan 2,6 juta ekor sapi dan 1,5 juta kuda. Ethiopia juga merupakan negara pengekspor kopi terbesar keenam dunia. Pada tahun 1985, akibat kemarau yang sangat panjang, negeri ini menggemparkan dunia karena dilanda krisis pangan dan penduduknya menderita kelaparan hebat.","Pernyataan berikut berhubungan, baik secara eksplisit maupun implisit, dengan bacaan di atas kecuali ....","(A) Ethiopia menempati peringkat 10 dunia dalam hal ternak karena kualitasnya yang baik.
(B) Kekeringan merupakan salah satu masalah serius yang dihadapi Ethiopia.
(C) Ethiopia termasuk negara penghasil kopi dunia.
(D) Krisis pangan yang terjadi di Ethiopia pernah menggemparkan dunia.
(E) Jumlah ternak di Ethiopia cukup banyak.",(E) Jumlah ternak di Ethiopia cukup banyak.,pernyataan yang ada di teks,a7,924,794,1
li21,"Mulai pekan depan, Indonesia akan bersiap menyambut kenormalan baru alias new normal. Setelah berbulan-bulan masyarakat 'terpenjara' karena penyebaran virus corona (Coronavirus Disease-2019/Covid-19), aktivitas mulai dibuka sedikit demi sedikit. Pandemi virus yang bermula dari Kota Wuhan, Provinsi Hubei, Republik Rakyat China ini membuat pemerintahan Presiden Joko Widodo (Jokowi) menerbitkan Peraturan Pemerintah mengenai Pembatasan Sosial Berskala Besar (PSBB) pada akhir Maret lalu. PSBB mengamanatkan peliburan sekolah dan perkantoran non-esensial serta pembatasan transportasi umum.","Berdasarkan paragraf tersebut, manakah di bawah ini pernyataan yang benar?","(A) Normal baru akan dilaksanakan tahun depan
(B) New normal membuka kembali aktivitas masyarakat
(C) New normal tidak mengizinkan masyarakat untuk keluar rumah
(D) Pandemi virus corona bermula di Indonesia
(E) PSBB dilaksanakan sejak bulan April",(B) New normal membuka kembali aktivitas masyarakat,pernyataan yang ada di teks,a8,929,360,3
li22,"Selama pandemi corona, masyarakat diimbau memesan makanan maupun bahan pokok secara online guna menekan penyebaran virus penyebab Covid-19. Shopee, Tokopedia, dan Gojek pun mencatatkan lonjakan permintaan produk kuliner. External Communications Senior Lead Tokopedia Ekhel Chandra Wijaya mengatakan, makanan siap masak merupakan produk yang paling banyak di cari di platform. ""Makanan dan minuman, salah satu dari empat kategori produk yang paling populer,"" kata dia kepada Katadata.co.id, Kamis (18/6). Makanan yang banyak diburu konsumen yakni olahan daging dan buah-buahan. Selain itu, permintaan produk kopi kemasan meningkat.","Berdasarkan paragraf tersebut, manakah di bawah ini pernyataan yang benar?","(A) Selama pandemi corona masyarakat diperbolehkan keluar rumah untuk membeli makanan
(B) Hanya Shopee yang mengalami lonjakan permintaan produk kuliner
(C) Produk makanan siap masak paling banyak dicari di platform
(D) Saat pandemi produk makanan dan minuman sulit didapatkan
(E) Kopi kemasan merupakan produk yang paling banyak diburu",(C) Produk makanan siap masak paling banyak dicari di platform,pernyataan yang ada di teks,a9,946,300,3
li23,Para peneliti mempelajari tulang dan gigi dari 904 fosil mamalia berplasenta untuk mengukur perbedaan anatomi dan antarspesies. Infomasi yang didapat kemudian digunakan untuk memperbarui pohon silsilah 177 spesies Eutheria―kelompok mamalia yang lebih dekat kekerabatannya dengan manusia daripada dengan kanguru. Sebanyak 94 fosil diantaranya berasal dari era Paleosen. Ini adalah pohon silsilah terbesar yang menggmbarkan mamalia dari era Paleosen. Silsilah yang dianalisis dengan pembagian waktu mulai 140 juta tahun lalu hingga hari ini tersebut menunjukkan perubahan keragaman spesies mamalia.,Ide pokok paragraf di atas adalah ...,"(A) Fosil mamalia
(B) asal fosil mamalia
(C) silsilah mamalia
(D) keragaman spesies mamalia
(E) perubahan spesies mamalia",(A) Fosil mamalia,ide pokok ,a10,369,140,3
li24,"Pemanasan global terjadi ketika suhu rata-rata atmosfer, laut, dan daratan meningkat. Hal itu disebabkan oleh menumpuknya gas rumah kaca. Gas ini akan menjadi isolator yang menahan lebih banyak panas matahari yang dipancarkan ke bumi. Memahami berapa banyak metana yang dipancarkan ke bumi dan memahami berapa banyak metana yang dipancarkan ke atmosfer dari semua sumber akan membantu para ilmuwan untuk memperhitungkan jumlah gas rumah kaca global dan mengambil langkah-langkah untuk mengurangi dampaknya.",Simpulan paragraf di atas adalah ...,"(A) Suhu rata-rata atmosfer, laut, dan daratan meningkat
(B) Tumpukan karbon dioksida, metana, dan dinito oksida mengumpul di atmosfer
(C) Gas rumah kaca akan menghalangi sinar matahari ke bumi
(D) Pemanasan global muncul karena peningkatan rerata suhu atmosfer
(E) Jumlah gas rumah kaca dapat dihitung dan direduksi","(A) Suhu rata-rata atmosfer, laut, dan daratan meningkat",kesimpulan,a11,971,223,3
li25,"Saturnus awalnya memiliki beberapa cincin purba yang lebih banyak mengandung partikel daripada yang mereka punya saat ini. Satelit-satelit Saturnus terbentuk dari partikel-partikel yang saling bergabung. Pada tahap akhir formasi, beberapa satelil kecil terbentuk dalam orbit berdekatan. Data yang diperoleh dari wahana Cassini mengindikasikan bahwa satelit-satelit kecil yang mengorbit di sisi luar sistem cincin utama mempunyai inti padat.",Pernyataan yang tidak dikemukakan dalam paragraf di atas adalah,"(A) Jumlah partikel ring purba berkurang
(B) Partikel-partikel saling berhubungan.
(C) Temuan itu dapat mengungkap sistem satelit lain.
(D) Letak orbit satelit kecil tidak berjauhan
(E) Beberapa satelit kecil tidak berada dalam cincin.",(C) Temuan itu dapat mengungkap sistem satelit lain.,Pernyataan yang tidak ada di teks,a12,672,104,3
li26,"Ada Seruan Untuk Memboikot Produk Asal Indonesia dan Program Pemerintah Indonesia di Pasifik
Pada hari peringatan 1 Desember, gereja-gereja di kawasan Pasifik yang tergabung dalam Pacific Conference of Churches (PCC) meluncurkan seruan untuk melakukan boikot terhadap semua produk asal Indonesia dan program yang dijalankan oleh Indonesia. Menurut mereka, seruan boikot ini akan dilakukan sampai pemerintah Indonesia memfasilitasi kunjungan United Nations High Commissioner for Human Rights (UNHCR) untuk menyelidiki pelanggaran hak asasi manusia di Papua.
Sebelumnya dilaporkan jika pemerintah Indonesia menolak seruan penyelidikan PBB soal pelanggaran HAM tersebut, dengan mengatakan masalah tersebut sudah ditangani. ""Seruan boikot ini menanggapi kurangnya kemauan politik dari Pemerintah Indonesia untuk menghormati komitmen mereka atas kunjungan yang telah dilakukan 4 tahun lalu,"" ujar Rev. James Bhagwan, Sekretaris Jenderal PCC di Fiji.",Pernyataan berikut yang mencerminkan bentuk dukungan pengusutan potensi pelanggaran hak asasi manusia di Papua ...,"(A) Pemerintah Indonesia menolak seruan penyelidikan PBB soal pelanggaran HAM di Papua.
(B) Gereja-gereja di kawasan Pasifik yang tergabung dalam Pacific Conference of Churches (PCC) meluncurkan seruan untuk melakukan boikot terhadap semua produk asal Indonesia.
(C) Pemerintah Indonesia memfasilitasi kunjungan United Nations High Commissioner for Human Rights (UNHCR) di Papua.
(D) Seruan boikot dilakukan agar Pemerintah Indonesia menghormati komitmen penegakan hak asasi manusia
(E) Masalah tersebut sudah ditangani pelanggaran hak asasi manusia di papua sudah ditangani",(B) Gereja-gereja di kawasan Pasifik yang tergabung dalam Pacific Conference of Churches (PCC) meluncurkan seruan untuk melakukan boikot terhadap semua produk asal Indonesia.,pernyataan yang mendukukung,a13,64,41,2
li27,"Ada Seruan Untuk Memboikot Produk Asal Indonesia dan Program Pemerintah Indonesia di Pasifik
Pada hari peringatan 1 Desember, gereja-gereja di kawasan Pasifik yang tergabung dalam Pacific Conference of Churches (PCC) meluncurkan seruan untuk melakukan boikot terhadap semua produk asal Indonesia dan program yang dijalankan oleh Indonesia. Menurut mereka, seruan boikot ini akan dilakukan sampai pemerintah Indonesia memfasilitasi kunjungan United Nations High Commissioner for Human Rights (UNHCR) untuk menyelidiki pelanggaran hak asasi manusia di Papua.
Sebelumnya dilaporkan jika pemerintah Indonesia menolak seruan penyelidikan PBB soal pelanggaran HAM tersebut, dengan mengatakan masalah tersebut sudah ditangani. ""Seruan boikot ini menanggapi kurangnya kemauan politik dari Pemerintah Indonesia untuk menghormati komitmen mereka atas kunjungan yang telah dilakukan 4 tahun lalu,"" ujar Rev. James Bhagwan, Sekretaris Jenderal PCC di Fiji.",Sinonim yang tepat untuk kata boikot pada bacaan tersebut adalah ...,"(A) Membuka
(B) Membenci
(C) Memblokir
(D) Membatasi
(E) Mengecualikan",(C) Memblokir,Sinonim,a13,271,94,3
li28,"Ada Seruan Untuk Memboikot Produk Asal Indonesia dan Program Pemerintah Indonesia di Pasifik
Pada hari peringatan 1 Desember, gereja-gereja di kawasan Pasifik yang tergabung dalam Pacific Conference of Churches (PCC) meluncurkan seruan untuk melakukan boikot terhadap semua produk asal Indonesia dan program yang dijalankan oleh Indonesia. Menurut mereka, seruan boikot ini akan dilakukan sampai pemerintah Indonesia memfasilitasi kunjungan United Nations High Commissioner for Human Rights (UNHCR) untuk menyelidiki pelanggaran hak asasi manusia di Papua.
Sebelumnya dilaporkan jika pemerintah Indonesia menolak seruan penyelidikan PBB soal pelanggaran HAM tersebut, dengan mengatakan masalah tersebut sudah ditangani. ""Seruan boikot ini menanggapi kurangnya kemauan politik dari Pemerintah Indonesia untuk menghormati komitmen mereka atas kunjungan yang telah dilakukan 4 tahun lalu,"" ujar Rev. James Bhagwan, Sekretaris Jenderal PCC di Fiji.",Pernyataan yang benar pada teks tersebut adalah ...,"(A) Seruan boikot produk Indonesia dilakukan oleh UNHCR
(B) Pemerintah Indonesia berkemauan politik dalam menghormati komitmen penegakan hak asasi manusia 
(C) Gereja-gereja di kawasan Pasifik memboikot kunjungan UNHCR
(D) Pemerintah Indonesia tidak memfasilitasi kunjungan UNHCR untuk menyelidiki pelanggaran hak asasi manusia di Papua.
(E) Rev. James Bhagwan merupakan Sekretaris Jenderal UNHCR di Fiji",(D) Pemerintah Indonesia tidak memfasilitasi kunjungan UNHCR untuk menyelidiki pelanggaran hak asasi manusia di Papua.,pernyataan yang ada di teks,a13,202,119,2
li29,"Sri Mulyani Beberkan Nasib Aset Negara Rp 1.464 Triliun saat Ibu Kota Pindah ke IKN
(1) Menteri Keuangan (Menkeu) Sri Mulyani Indrawati menyebut terdapat aset negara senilai Rp 1.464 triliun di Jakarta yang perlu dikelola saat pemerintah pusat pindah ke Ibu Kota Negara (IKN) Nusantara di Kalimantan Timur. (2) “Nilai-nilai dari aset di Jakarta menurut DJKN (Direktorat Jenderal Kekayaan Negara) mencapai Rp 1.464 triliun, ini hasil penilaian yang baru kami lakukan dalam tiga tahun terakhir,” kata Menkeu Sri Mulyani dikutip dari Antara, Jumat (9/12/2022).
(3) Aset negara di Jakarta yang nantinya akan ditinggalkan perlu dikelola sehingga menghasilkan nilai tambah yang lebih tinggi dari nilai pengelolaannya. (4) Nantinya aset negara di Jakarta akan dikelola secara terintegrasi oleh Kementerian Keuangan (Kemenkeu) setelah ditinggalkan oleh pegawai kementerian atau lembaga yang berpindah ke IKN Nusantara.
(5) “Setiap aset perlu diidentifikasi bagaimana keberlanjutan pengelolaannya yang dapat menghasilkan keuntungan bagi negara. (6) Apakah akan disewakan,” imbuh Sri Mulyani. (7) Kementerian dan lembaga pemerintah pusat akan berpindah secara bertahap ke IKN Nusantara sehingga perlu dipetakan aset yang ditinggalkan terlebih dahulu dan perlu segera dikelola.",Penulisan kata yang tidak sesuai terdapat pada kalimat ...,"(A) Kalimat (1)
(B) Kalimat (2)
(C) Kalimat (3)
(D) Kalimat (4)
(E) Kalimat (5)",(B) Kalimat (2),kesalahan penulisan,a14,398,289,1
li30,"Sri Mulyani Beberkan Nasib Aset Negara Rp 1.464 Triliun saat Ibu Kota Pindah ke IKN
(1) Menteri Keuangan (Menkeu) Sri Mulyani Indrawati menyebut terdapat aset negara senilai Rp 1.464 triliun di Jakarta yang perlu dikelola saat pemerintah pusat pindah ke Ibu Kota Negara (IKN) Nusantara di Kalimantan Timur. (2) “Nilai-nilai dari aset di Jakarta menurut DJKN (Direktorat Jenderal Kekayaan Negara) mencapai Rp 1.464 triliun, ini hasil penilaian yang baru kami lakukan dalam tiga tahun terakhir,” kata Menkeu Sri Mulyani dikutip dari Antara, Jumat (9/12/2022).
(3) Aset negara di Jakarta yang nantinya akan ditinggalkan perlu dikelola sehingga menghasilkan nilai tambah yang lebih tinggi dari nilai pengelolaannya. (4) Nantinya aset negara di Jakarta akan dikelola secara terintegrasi oleh Kementerian Keuangan (Kemenkeu) setelah ditinggalkan oleh pegawai kementerian atau lembaga yang berpindah ke IKN Nusantara.
(5) “Setiap aset perlu diidentifikasi bagaimana keberlanjutan pengelolaannya yang dapat menghasilkan keuntungan bagi negara. (6) Apakah akan disewakan,” imbuh Sri Mulyani. (7) Kementerian dan lembaga pemerintah pusat akan berpindah secara bertahap ke IKN Nusantara sehingga perlu dipetakan aset yang ditinggalkan terlebih dahulu dan perlu segera dikelola.",Kata “integrasi” pada teks tersebut memiliki sinonim dengan kata ...,"(A) Penggabungan
(B) Penangguhan
(C) Pemisahan
(D) Pengampunan
(E) Fisi",(A) Penggabungan,Sinonim,a14,653,122,3
li31,"Sri Mulyani Beberkan Nasib Aset Negara Rp 1.464 Triliun saat Ibu Kota Pindah ke IKN
(1) Menteri Keuangan (Menkeu) Sri Mulyani Indrawati menyebut terdapat aset negara senilai Rp 1.464 triliun di Jakarta yang perlu dikelola saat pemerintah pusat pindah ke Ibu Kota Negara (IKN) Nusantara di Kalimantan Timur. (2) “Nilai-nilai dari aset di Jakarta menurut DJKN (Direktorat Jenderal Kekayaan Negara) mencapai Rp 1.464 triliun, ini hasil penilaian yang baru kami lakukan dalam tiga tahun terakhir,” kata Menkeu Sri Mulyani dikutip dari Antara, Jumat (9/12/2022).
(3) Aset negara di Jakarta yang nantinya akan ditinggalkan perlu dikelola sehingga menghasilkan nilai tambah yang lebih tinggi dari nilai pengelolaannya. (4) Nantinya aset negara di Jakarta akan dikelola secara terintegrasi oleh Kementerian Keuangan (Kemenkeu) setelah ditinggalkan oleh pegawai kementerian atau lembaga yang berpindah ke IKN Nusantara.
(5) “Setiap aset perlu diidentifikasi bagaimana keberlanjutan pengelolaannya yang dapat menghasilkan keuntungan bagi negara. (6) Apakah akan disewakan,” imbuh Sri Mulyani. (7) Kementerian dan lembaga pemerintah pusat akan berpindah secara bertahap ke IKN Nusantara sehingga perlu dipetakan aset yang ditinggalkan terlebih dahulu dan perlu segera dikelola.","Berdasarkan teks tersebut, mengapa aset negara di Jakarta perlu dikelola ...","(A) Untuk memetakan aset negara mana yang ditinggalkan terlebih dahulu
(B) Untuk dikelola oleh Kemenkeu secara terintegrasi
(C) Untuk menghasilkan keuntungan bagi negara
(D) Untuk memperbarui nilai aset negara sesuai hasil penilaian terkini.
(E) Untuk memindahkan kepemilikan aset negara ke tangan swasta",(C) Untuk menghasilkan keuntungan bagi negara,pernyataan yang ada di teks,a14,574,55,3
li32,"Sri Mulyani Beberkan Nasib Aset Negara Rp 1.464 Triliun saat Ibu Kota Pindah ke IKN
(1) Menteri Keuangan (Menkeu) Sri Mulyani Indrawati menyebut terdapat aset negara senilai Rp 1.464 triliun di Jakarta yang perlu dikelola saat pemerintah pusat pindah ke Ibu Kota Negara (IKN) Nusantara di Kalimantan Timur. (2) “Nilai-nilai dari aset di Jakarta menurut DJKN (Direktorat Jenderal Kekayaan Negara) mencapai Rp 1.464 triliun, ini hasil penilaian yang baru kami lakukan dalam tiga tahun terakhir,” kata Menkeu Sri Mulyani dikutip dari Antara, Jumat (9/12/2022).
(3) Aset negara di Jakarta yang nantinya akan ditinggalkan perlu dikelola sehingga menghasilkan nilai tambah yang lebih tinggi dari nilai pengelolaannya. (4) Nantinya aset negara di Jakarta akan dikelola secara terintegrasi oleh Kementerian Keuangan (Kemenkeu) setelah ditinggalkan oleh pegawai kementerian atau lembaga yang berpindah ke IKN Nusantara.
(5) “Setiap aset perlu diidentifikasi bagaimana keberlanjutan pengelolaannya yang dapat menghasilkan keuntungan bagi negara. (6) Apakah akan disewakan,” imbuh Sri Mulyani. (7) Kementerian dan lembaga pemerintah pusat akan berpindah secara bertahap ke IKN Nusantara sehingga perlu dipetakan aset yang ditinggalkan terlebih dahulu dan perlu segera dikelola.",Ide pokok bacaan di atas adalah ...,"(A) Integrasi pengelolaan aset negara oleh Kementerian Keuangan (Kemenkeu)
(B) Identifikasi pengelolaan aset negara agar dapat menghasilkan keuntungan
(C) Penilaian aset negara dalam tiga tahun terakhir
(D) Pengelolaan aset negara pasca pindah ke Ibu Kota Negara (IKN) Nusantara
(E) Kalkulasi aset negara oleh Direktorat Jenderal Kekayaan Negara (DJKN)",(D) Pengelolaan aset negara pasca pindah ke Ibu Kota Negara (IKN) Nusantara,ide pokok ,a14,437,384,1
li33,"Harga Minyak Dunia Lanjut Melemah, Dekati 70 Dollar AS Per Barrel
(1) Harga minyak dunia mengalami penurunan pada perdagangan Kamis (8/12/2022) waktu setempat atau Jumat pagi waktu Indonesia/WIB. (2) Pergerakan harga minyak masih dibayangi oleh kekhawatiran akan permintaan dan prospek ekonomi di tahun depan. (3) Mengutip Bloomberg, harga minyak West Texas Intermediate (WTI) turun 55 sen menjadi 71,46 dollar AS per barrel. (4) Harga minyak Brent juga melemah 1,02 dollar AS menjadi 76,15 dollar AS per barrel. (5) Harga minyak dunia mencapai level terendah baru-baru ini dalam satu tahun.
(6) Perdagangan minyak pada hari Kamis cenderung fluktuatif, yang juga disebabkan oleh pemadaman pipa minyak Keystone, yang mengangkut lebih dari 600.000 barrel minyak mentah setiap hari dari Kanada ke AS, karena kebocoran. (7) Lonjakan harga minyak pada awal perdagangan, langsung berbalik arah, setelah berita kebocoran Keystone Pipeline karena beberapa pedagang energi memperkirakan gangguan ini bersifat sementara,"" kata Ed Moya, analis pasar senior di Oanda Corp.",Inti kalimat (4) adalah ...,"(A) Harga minyak Brent
(B) Harga minyak Brent juga melemah
(C) Harga minyak Brent juga melemah menjadi 76,15 dollar AS per barrel
(D) Harga minyak Brent juga melemah 1,02 dollar AS per barrel
(E) Harga minyak Brent juga melemah 1,02 dollar AS menjadi 76,15 dollar AS per barrel",(B) Harga minyak Brent juga melemah,inti kalimat,a15,313,80,3
li34,"Harga Minyak Dunia Lanjut Melemah, Dekati 70 Dollar AS Per Barrel
(1) Harga minyak dunia mengalami penurunan pada perdagangan Kamis (8/12/2022) waktu setempat atau Jumat pagi waktu Indonesia/WIB. (2) Pergerakan harga minyak masih dibayangi oleh kekhawatiran akan permintaan dan prospek ekonomi di tahun depan. (3) Mengutip Bloomberg, harga minyak West Texas Intermediate (WTI) turun 55 sen menjadi 71,46 dollar AS per barrel. (4) Harga minyak Brent juga melemah 1,02 dollar AS menjadi 76,15 dollar AS per barrel. (5) Harga minyak dunia mencapai level terendah baru-baru ini dalam satu tahun.
(6) Perdagangan minyak pada hari Kamis cenderung fluktuatif, yang juga disebabkan oleh pemadaman pipa minyak Keystone, yang mengangkut lebih dari 600.000 barrel minyak mentah setiap hari dari Kanada ke AS, karena kebocoran. (7) Lonjakan harga minyak pada awal perdagangan, langsung berbalik arah, setelah berita kebocoran Keystone Pipeline karena beberapa pedagang energi memperkirakan gangguan ini bersifat sementara,"" kata Ed Moya, analis pasar senior di Oanda Corp.",Perbaikan kalimat (5) adalah ...,"(A) Harga minyak dunia telah mencapai level terendah baru-baru ini dalam satu tahun.
(B) Minyak dunia telah mencapai harga terendah dalam satu tahun
(C) Minyak dunia telah mencapai level harga terendah baru-baru ini dalam satu tahun.
(D) Harga minyak dunia mencapai level terendah baru dalam satu tahun
(E) Harga minyak dunia mencapai level terendah dalam satu tahun",(D) Harga minyak dunia mencapai level terendah baru dalam satu tahun,perbaikan kalimat,a15,32,30,1
li35,"Harga Minyak Dunia Lanjut Melemah, Dekati 70 Dollar AS Per Barrel
(1) Harga minyak dunia mengalami penurunan pada perdagangan Kamis (8/12/2022) waktu setempat atau Jumat pagi waktu Indonesia/WIB. (2) Pergerakan harga minyak masih dibayangi oleh kekhawatiran akan permintaan dan prospek ekonomi di tahun depan. (3) Mengutip Bloomberg, harga minyak West Texas Intermediate (WTI) turun 55 sen menjadi 71,46 dollar AS per barrel. (4) Harga minyak Brent juga melemah 1,02 dollar AS menjadi 76,15 dollar AS per barrel. (5) Harga minyak dunia mencapai level terendah baru-baru ini dalam satu tahun.
(6) Perdagangan minyak pada hari Kamis cenderung fluktuatif, yang juga disebabkan oleh pemadaman pipa minyak Keystone, yang mengangkut lebih dari 600.000 barrel minyak mentah setiap hari dari Kanada ke AS, karena kebocoran. (7) Lonjakan harga minyak pada awal perdagangan, langsung berbalik arah, setelah berita kebocoran Keystone Pipeline karena beberapa pedagang energi memperkirakan gangguan ini bersifat sementara,"" kata Ed Moya, analis pasar senior di Oanda Corp.",Opini terhadap perubahan harga minyak terdapat pada kalimat ...,"(A) Kalimat (1)
(B) Kalimat (2)
(C) Kalimat (5)
(D) Kalimat (6)
(E) Kalimat (7)",(E) Kalimat (7),,a15,20,11,2
li36,"Berlimpah ”Ladang”, Minim Penelitian
Selama tahun 2014, setidaknya ada dua contoh hasil penelitian menonjol yang dihasilkan para peneliti lokal: pertama, tentang terkuaknya hunian sekaligus kuburan massal Homo sapiens yang usianya lebih dari 14.825 tahun di Gua Harimau, Ogan Komering Ulu, Sumatra Selatan, dan kedua, tentang penemuan data migrasi baru manusia purba di Situs Sangiran, Jawa Tengah, yang selama ini belum masuk dalam literatur. Hingga bulan Mei 2014, Tim Pusat Arkeologi Nasional berhasil mengekskavasi 78 kerangka Homo sapiens di Gua Harimau. Yang menarik, dari 78 kerangka itu, 4 individu merupakan ras Australomelanesid dan 74 individu lain adalah ras Mongoloid. Dengan demikian, dapat diduga bahwa pernah ada masa ketika kedua ras ini bertemu dan berinteraksi.
Sementara itu, dalam tiga tahun terakhir, di Sangiran, terpantau ada data baru migrasi manusia purba beserta budayanya setelah migrasi tertua, yaitu pada masa 800.000-an tahun lalu. Hal ini terdeteksi dari keberadaan kapak-kapak genggam dan pembelah yang merupakan ciri khas peralatan di Afrika. Arkeolog prasejarah, Prof. Harry Truman Simanjuntak, mengatakan bahwa migrasi ini disebut-sebut sebagai Out of Africa kedua yang melengkapi teori migrasi tertua pertama Out of Africa saat Homo erectus keluar dari Afrika 1,8 juta tahun lalu. Menurut arkeolog ini, kapan Out of Africa kedua keluar dari Afrika belum diketahui secara pasti, entah itu 1,1 juta tahun lalu atau 1,2 juta tahun lalu. Yang jelas, mereka sampai di Indonesia bersamaan dengan Tiongkok sekitar 800.000 tahun lalu.
Budaya migrasi kedua manusia purba ini terus berkembang pada periode selanjutnya walaupun tidak mampu menggantikan budaya yang tertua. Dari sisi teknologi, model teknologi generasi kedua memang lebih canggih dengan teknik pangkasan kapak yang lebih baik dan bentuk simetris yang menarik. Akan tetapi, rupanya, alat-alat seperti ini tidak terlalu dibutuhkan di kawasan Indonesia. Hal itu disebabkan bahan peralatan tersedia melimpah di mana-mana sehingga manusia purba saat itu tidak perlu membawa alat kemana-mana.",Yang menjadi pokok masalah dalam teks di atas adalah ...,"(A) ditemukannya teknologi manusia purba Afrika di situs Sangiran
(B) temuan arkelogis yang menarik perhatian ilmuwan pada tahun 2014
(C) pendapat arkeolog prasejarah mengenai temuan di Gua Harimau
(D) ditemukannya data baru mengenai migrasi manusia purba Afrika
(E) kontak antarmanusia purba ras Australomelanesid ras Mongoloid di Gua Harimau pada suatu masa",(B) temuan arkelogis yang menarik perhatian ilmuwan pada tahun 2014,pokok masalah teks,a16,997,639,2
li37,"Berlimpah ”Ladang”, Minim Penelitian
Selama tahun 2014, setidaknya ada dua contoh hasil penelitian menonjol yang dihasilkan para peneliti lokal: pertama, tentang terkuaknya hunian sekaligus kuburan massal Homo sapiens yang usianya lebih dari 14.825 tahun di Gua Harimau, Ogan Komering Ulu, Sumatra Selatan, dan kedua, tentang penemuan data migrasi baru manusia purba di Situs Sangiran, Jawa Tengah, yang selama ini belum masuk dalam literatur. Hingga bulan Mei 2014, Tim Pusat Arkeologi Nasional berhasil mengekskavasi 78 kerangka Homo sapiens di Gua Harimau. Yang menarik, dari 78 kerangka itu, 4 individu merupakan ras Australomelanesid dan 74 individu lain adalah ras Mongoloid. Dengan demikian, dapat diduga bahwa pernah ada masa ketika kedua ras ini bertemu dan berinteraksi.
Sementara itu, dalam tiga tahun terakhir, di Sangiran, terpantau ada data baru migrasi manusia purba beserta budayanya setelah migrasi tertua, yaitu pada masa 800.000-an tahun lalu. Hal ini terdeteksi dari keberadaan kapak-kapak genggam dan pembelah yang merupakan ciri khas peralatan di Afrika. Arkeolog prasejarah, Prof. Harry Truman Simanjuntak, mengatakan bahwa migrasi ini disebut-sebut sebagai Out of Africa kedua yang melengkapi teori migrasi tertua pertama Out of Africa saat Homo erectus keluar dari Afrika 1,8 juta tahun lalu. Menurut arkeolog ini, kapan Out of Africa kedua keluar dari Afrika belum diketahui secara pasti, entah itu 1,1 juta tahun lalu atau 1,2 juta tahun lalu. Yang jelas, mereka sampai di Indonesia bersamaan dengan Tiongkok sekitar 800.000 tahun lalu.
Budaya migrasi kedua manusia purba ini terus berkembang pada periode selanjutnya walaupun tidak mampu menggantikan budaya yang tertua. Dari sisi teknologi, model teknologi generasi kedua memang lebih canggih dengan teknik pangkasan kapak yang lebih baik dan bentuk simetris yang menarik. Akan tetapi, rupanya, alat-alat seperti ini tidak terlalu dibutuhkan di kawasan Indonesia. Hal itu disebabkan bahan peralatan tersedia melimpah di mana-mana sehingga manusia purba saat itu tidak perlu membawa alat kemana-mana.",Pernyataan yang tidak relevan dengan isi teks di atas adalah ...,"(A) Teori migrasi manusia purba Out of Africa terbagi ke dalam dua periode
(B) Sepanjang sejarah manusia terjadi dua kali migrasi manusia purba dari Afrika yang mencapai Indonesia.
(C) Teori migrasi manusia purba Out of Africa sudah disepakati para arkeolog sedunia
(D) Teknologi yang dibawa manusia purba ke Indonesia pada periode migrasi kedua makin canggih.
(E) Dari temuan arkeologis di Gua Harimau patut diduga adanya kontak antara ras Australomelanesid dan ras Mongoloid di Indonesia.",(C) Teori migrasi manusia purba Out of Africa sudah disepakati para arkeolog sedunia,pernyataan yang tidak ada di teks,a16,409,400,1
li38,"Berlimpah ”Ladang”, Minim Penelitian
Selama tahun 2014, setidaknya ada dua contoh hasil penelitian menonjol yang dihasilkan para peneliti lokal: pertama, tentang terkuaknya hunian sekaligus kuburan massal Homo sapiens yang usianya lebih dari 14.825 tahun di Gua Harimau, Ogan Komering Ulu, Sumatra Selatan, dan kedua, tentang penemuan data migrasi baru manusia purba di Situs Sangiran, Jawa Tengah, yang selama ini belum masuk dalam literatur. Hingga bulan Mei 2014, Tim Pusat Arkeologi Nasional berhasil mengekskavasi 78 kerangka Homo sapiens di Gua Harimau. Yang menarik, dari 78 kerangka itu, 4 individu merupakan ras Australomelanesid dan 74 individu lain adalah ras Mongoloid. Dengan demikian, dapat diduga bahwa pernah ada masa ketika kedua ras ini bertemu dan berinteraksi.
Sementara itu, dalam tiga tahun terakhir, di Sangiran, terpantau ada data baru migrasi manusia purba beserta budayanya setelah migrasi tertua, yaitu pada masa 800.000-an tahun lalu. Hal ini terdeteksi dari keberadaan kapak-kapak genggam dan pembelah yang merupakan ciri khas peralatan di Afrika. Arkeolog prasejarah, Prof. Harry Truman Simanjuntak, mengatakan bahwa migrasi ini disebut-sebut sebagai Out of Africa kedua yang melengkapi teori migrasi tertua pertama Out of Africa saat Homo erectus keluar dari Afrika 1,8 juta tahun lalu. Menurut arkeolog ini, kapan Out of Africa kedua keluar dari Afrika belum diketahui secara pasti, entah itu 1,1 juta tahun lalu atau 1,2 juta tahun lalu. Yang jelas, mereka sampai di Indonesia bersamaan dengan Tiongkok sekitar 800.000 tahun lalu.
Budaya migrasi kedua manusia purba ini terus berkembang pada periode selanjutnya walaupun tidak mampu menggantikan budaya yang tertua. Dari sisi teknologi, model teknologi generasi kedua memang lebih canggih dengan teknik pangkasan kapak yang lebih baik dan bentuk simetris yang menarik. Akan tetapi, rupanya, alat-alat seperti ini tidak terlalu dibutuhkan di kawasan Indonesia. Hal itu disebabkan bahan peralatan tersedia melimpah di mana-mana sehingga manusia purba saat itu tidak perlu membawa alat kemana-mana.",Hal yang dapat disimpulkan dari bacaan di atas adalah ...,"(A) ada banyak temuan baru dalam bidang arkeologi di Indonesia
(B) kemajuan dalam bidang arkeologi berhasil mengungkap cakrawala masa lampau manusia Indonesia
(C) kemampuan para arkeolog Indonesia makin tinggi sehingga banyak fakta baru masa lampau manusia Indonesia yang berhasil diungkap
(D) dua temuan penting di Gua Harimau dan situs Sangiran sedikit demi sedikit memverifikasi beberapa teori arkeologis selama ini
(E) masih banyak yang harus diungkap dari kedua temuan penting pada tahun 2014 itu",(D) dua temuan penting di Gua Harimau dan situs Sangiran sedikit demi sedikit memverifikasi beberapa teori arkeologis selama ini,kesimpulan,a16,108,21,3
li39,"Kota Perempuan': Suaka bagi para perempuan yang terusir di Kolombia
Selama lebih dari setengah abad konflik bersenjata di Kolombia, pertumpahan darah antara gerilyawan sayap kiri, kelompok paramiliter sayap kanan, dan tentara pemerintah memaksa hampir delapan juta orang meninggalkan rumah mereka. Kaum perempuan dan Afro-Kolombia khususnya menghadapi tingkat kekerasan yang lebih besar dalam konflik tersebut, dan sering kali terusir ke kota yang jauh tanpa membawa apa-apa dan siapa-siapa.
Di sebuah permukiman miskin di kota pesisir Cartagena yang terik, sekelompok perempuan yang terusir dari tempat tinggal mereka memutuskan untuk melakukan sesuatu. Mereka membentuk Liga Perempuan Pengungsi pada tahun 2003 dan merintis komunitas mereka sendiri dari nol: Kota Perempuan. Kota yang terletak di dekat wilayah administrasi Turbaco itu terdiri dari 100 rumah yang dibangun para perempuan itu dengan tangan mereka sendiri.
""Perang telah merampas rumah kami, memutus kami dari adat-istiadat kami, mimpi kami, tanah kami."" Consuelo Villega Mendoza, 44 tahun, berasal dari sebuah kota di utara bernama Sucre, dan terpaksa mengungsi setelah kelompok paramiliter mulai membantai komunitas di dekat rumahnya. ""Hanya soal waktu sampai itu terjadi pada saya,"" ujarnya. Saya pergi karena takut. Bersama anak perempuannya, ia menjalankan restoran di rumah yang ia bangun. Mereka memasak mondongo, hidangan sup khas Kolombia.",Pernyataan yang tidak sesuai dengan bacaan di atas adalah ...,"(A) Perempuan dan kelompok Afro-Kolombia lebih rentan mengalami kekerasan
(B) Liga Perempuan Pengungsi dibentuk dengan tujuan merintis komunitas Kota Perempuan
(C) Liga Perempuan Pengungsi didirikan pada tahun 2003
(D) Kota perempuan terletak di wilayah administrasi Cartagena terdiri dari 100 rumah
(E) Konflik bersenjata di Kolombia terjadi antara gerilyawan sayap kiri melawan kelompok paramiliter sayap kanan dan tentara pemerintah",(D) Kota perempuan terletak di wilayah administrasi Cartagena terdiri dari 100 rumah,pernyataan yang tidak ada di teks,a17,416,333,1
li40,"Kota Perempuan': Suaka bagi para perempuan yang terusir di Kolombia
Selama lebih dari setengah abad konflik bersenjata di Kolombia, pertumpahan darah antara gerilyawan sayap kiri, kelompok paramiliter sayap kanan, dan tentara pemerintah memaksa hampir delapan juta orang meninggalkan rumah mereka. Kaum perempuan dan Afro-Kolombia khususnya menghadapi tingkat kekerasan yang lebih besar dalam konflik tersebut, dan sering kali terusir ke kota yang jauh tanpa membawa apa-apa dan siapa-siapa.
Di sebuah permukiman miskin di kota pesisir Cartagena yang terik, sekelompok perempuan yang terusir dari tempat tinggal mereka memutuskan untuk melakukan sesuatu. Mereka membentuk Liga Perempuan Pengungsi pada tahun 2003 dan merintis komunitas mereka sendiri dari nol: Kota Perempuan. Kota yang terletak di dekat wilayah administrasi Turbaco itu terdiri dari 100 rumah yang dibangun para perempuan itu dengan tangan mereka sendiri.
""Perang telah merampas rumah kami, memutus kami dari adat-istiadat kami, mimpi kami, tanah kami."" Consuelo Villega Mendoza, 44 tahun, berasal dari sebuah kota di utara bernama Sucre, dan terpaksa mengungsi setelah kelompok paramiliter mulai membantai komunitas di dekat rumahnya. ""Hanya soal waktu sampai itu terjadi pada saya,"" ujarnya. Saya pergi karena takut. Bersama anak perempuannya, ia menjalankan restoran di rumah yang ia bangun. Mereka memasak mondongo, hidangan sup khas Kolombia.",Simpulan yang sesuai dengan bacaan di atas adalah ...,"(A) Kota Perempuan didirikan sebagai akibat dari konflik berdarah antara gerilyawan sayap kiri, kelompok paramiliter sayap kanan, dan tentara pemerintah di Kolombia
(B) Konflik bersenjata di Kolombia membuat warga terusir ke tempat yang jauh
(C) Kota Perempuan merupakan wilayah permukiman miskin di kota pesisir Cartagena
(D) Kota Perempuan di wilayah administrasi Turbaco itu terdiri dari 100 rumah
(E) Kota Perempuan dibangun para perempuan dengan tangan mereka sendiri.","(A) Kota Perempuan didirikan sebagai akibat dari konflik berdarah antara gerilyawan sayap kiri, kelompok paramiliter sayap kanan, dan tentara pemerintah di Kolombia",kesimpulan,a17,830,654,1
li41,"Kota Perempuan': Suaka bagi para perempuan yang terusir di Kolombia
Selama lebih dari setengah abad konflik bersenjata di Kolombia, pertumpahan darah antara gerilyawan sayap kiri, kelompok paramiliter sayap kanan, dan tentara pemerintah memaksa hampir delapan juta orang meninggalkan rumah mereka. Kaum perempuan dan Afro-Kolombia khususnya menghadapi tingkat kekerasan yang lebih besar dalam konflik tersebut, dan sering kali terusir ke kota yang jauh tanpa membawa apa-apa dan siapa-siapa.
Di sebuah permukiman miskin di kota pesisir Cartagena yang terik, sekelompok perempuan yang terusir dari tempat tinggal mereka memutuskan untuk melakukan sesuatu. Mereka membentuk Liga Perempuan Pengungsi pada tahun 2003 dan merintis komunitas mereka sendiri dari nol: Kota Perempuan. Kota yang terletak di dekat wilayah administrasi Turbaco itu terdiri dari 100 rumah yang dibangun para perempuan itu dengan tangan mereka sendiri.
""Perang telah merampas rumah kami, memutus kami dari adat-istiadat kami, mimpi kami, tanah kami."" Consuelo Villega Mendoza, 44 tahun, berasal dari sebuah kota di utara bernama Sucre, dan terpaksa mengungsi setelah kelompok paramiliter mulai membantai komunitas di dekat rumahnya. ""Hanya soal waktu sampai itu terjadi pada saya,"" ujarnya. Saya pergi karena takut. Bersama anak perempuannya, ia menjalankan restoran di rumah yang ia bangun. Mereka memasak mondongo, hidangan sup khas Kolombia.",Kalimat topik paragraf pertama adalah ...,"(A) Konflik bersenjata di Kolombia antara tiga kubu mengakibatkan hampir delapan juta orang mengungsi
(B) Kaum perempuan dan Afro-Kolombia mengalami tingkat kekerasan lebih besar 
(C) Konflik bersenjata di Kolombia membuat masyarakat terusir dari kota tempat tinggal
(D) Konflik antara gerilyawan sayap kiri, kelompok paramiliter sayap kanan, dan tentara pemerintah terjadi di Kolombia
(E) Konflik bersenjata di Kolombia telah terjadi selama lebih dari setengah abad",(A) Konflik bersenjata di Kolombia antara tiga kubu mengakibatkan hampir delapan juta orang mengungsi,topik,a17,290,175,2
li42,"Rasanya Seperti di Neraka': Kesaksian Sosok Terjebak Momen Mematikan di Itaewon
Menurut korban selamat, orang tetap asyik berpesta di tengah tragedi pesta Halloween mematikan di Seoul, meski puluhan jasad bergelimpangan tak jauh dari mereka. Malam itu, saya mendatangi Itaewon dengan satu misi: meliput kemeriahan perayaan Halloween di pusat hiburan ibu kota Seoul, Korea Selatan. Saya tak pernah menyangka pesta malam itu akan menjadi tragedi terburuk sepanjang sejarah negara saya. Korban tewas hingga 1 November 2022 akibat saling dorong dan terinjak mencapai 156 jiwa. Saya bersama fotografer Baek Yun-beom berangkat sekitar pukul setengah delapan malam. Kami berharap bisa mengabadikan momen yang spesial bagi anak muda, mengingat masyarakat Korea Selatan baru meramaikan penghujung Oktober dengan pesta Halloween beberapa tahun belakangan. Muda-mudi keluar malam hari untuk bersenang-senang dalam balutan kostum terniat mereka.
Kami mewawancarai orang yang berlalu-lalang di sekitar lokasi keramaian. Sebagian besar jawaban yang kami terima ialah betapa senangnya mereka bebas berpesta tanpa rasa khawatir menjadi bahan omongan orang banyak. Ini juga pertama kalinya mereka bisa keluar rumah tanpa masker, berhubung Negeri Ginseng baru melonggarkan kewajiban pakai masker bulan lalu. Bisa dibilang, rakyat merayakan kebebasan mereka malam itu.",Pernyataan yang tidak berhubungan dengan teks tersebut adalah ...,"(A) Peristiwa Itaewon merupakan tragedi terburuk di Korea Selatan
(B) Massa berkumpul di Itaewon untuk melakukan pesta Halloween
(C) Sebagian orang tetap melakukan pesta Halloween meskipun terdapat korban tewas di Itaewon
(D) Penyebab jatuhnya korban jiwa dalam peristiwa Itaewon belum diketahui
(E) Pelonggaran kewajiban berkerumun di Korea Selatan mengakibatkan ramainya pesta Halloween di Itaewon",(D) Penyebab jatuhnya korban jiwa dalam peristiwa Itaewon belum diketahui,pernyataan yang tidak ada di teks,a18,663,640,1
li43,"Rasanya Seperti di Neraka': Kesaksian Sosok Terjebak Momen Mematikan di Itaewon
Menurut korban selamat, orang tetap asyik berpesta di tengah tragedi pesta Halloween mematikan di Seoul, meski puluhan jasad bergelimpangan tak jauh dari mereka. Malam itu, saya mendatangi Itaewon dengan satu misi: meliput kemeriahan perayaan Halloween di pusat hiburan ibu kota Seoul, Korea Selatan. Saya tak pernah menyangka pesta malam itu akan menjadi tragedi terburuk sepanjang sejarah negara saya. Korban tewas hingga 1 November 2022 akibat saling dorong dan terinjak mencapai 156 jiwa. Saya bersama fotografer Baek Yun-beom berangkat sekitar pukul setengah delapan malam. Kami berharap bisa mengabadikan momen yang spesial bagi anak muda, mengingat masyarakat Korea Selatan baru meramaikan penghujung Oktober dengan pesta Halloween beberapa tahun belakangan. Muda-mudi keluar malam hari untuk bersenang-senang dalam balutan kostum terniat mereka.
Kami mewawancarai orang yang berlalu-lalang di sekitar lokasi keramaian. Sebagian besar jawaban yang kami terima ialah betapa senangnya mereka bebas berpesta tanpa rasa khawatir menjadi bahan omongan orang banyak. Ini juga pertama kalinya mereka bisa keluar rumah tanpa masker, berhubung Negeri Ginseng baru melonggarkan kewajiban pakai masker bulan lalu. Bisa dibilang, rakyat merayakan kebebasan mereka malam itu.",Pertanyaan yang dapat dijawab oleh teks tersebut adalah ...,"(A) Siapa saja yang menjadi korban dalam tragedi Itaewon?
(B) Di mana saja lokasi pesta Halloween di Seoul?
(C) Mengapa dilakukan pesta Halloween di Seoul?
(D) Kapan pesta Halloween mulai dilakukan di Itaewon?
(E) Berapa korban jiwa yang jatuh dalam tragedi Itaewon?",(E) Berapa korban jiwa yang jatuh dalam tragedi Itaewon?,pernyataan yang ada di teks,a18,228,135,2
li44,"Permukiman Asia pertama di Amerika Serikat yang 'dilupakan' sejarah
Bangsa Filipina diperkirakan menjadi orang Asia pertama yang bermukim di Amerika Serikat, sebelum menjadi sebuah negara. Mereka kemungkinan besar tinggal di rumah panggung yang ditinggikan di atas tanah rawa di luar New Orleans. Hanya berjarak sekitar lima mil ke hilir sungai dari balkon-balkon berenda besi di French Quarter New Orleans, bangunan dari semen yang cerah dan bar yang riuh membuka jalan menuju lanskap yang lebih tenang yang ditutupi rerumputan rawa liar dan lumpur tebal.
Para nelayan menjual udang segar di sepanjang jalan yang memotong Paroki St Bernard saat perahu mereka terombang-ambing di bayou (badan air rawa) di dekatnya. Pinggiran kota berusia 200 tahun yang tenang itu terkenal dengan industri perikanan dan geografinya yang unik. Ia muncul di peta pantai timur Louisiana seperti gelombang puncak dan kemudian terpecah menjadi puluhan pulau dan rawa ke Teluk Meksiko.
Saint Malo adalah pemukiman permanen Filipina pertama di Amerika Serikat dan pemukiman permanen Asia tertua yang diketahui di negara itu. Cerita tentang orang Louisiana yang kaya dan beragam sering diceritakan sebagai perpaduan dan pencampuran antara penjajah Spanyol, Acadians Prancis, penduduk asli Amerika, dan orang Afrika yang diperbudak serta orang kulit berwarna lainnya.","Berdasarkan teks tersebut, di mana
permukiman Filipina pertama di Amerika Serikat berdiri ...","(A) Saint Malo
(B) French Quarter
(C) Pantai Timur Louisiana
(D) Acadians Perancis
(E) Paroki St. Bernard",(A) Saint Malo,pernyataan yang ada di teks,a19,802,729,1
li45,"Permukiman Asia pertama di Amerika Serikat yang 'dilupakan' sejarah
Bangsa Filipina diperkirakan menjadi orang Asia pertama yang bermukim di Amerika Serikat, sebelum menjadi sebuah negara. Mereka kemungkinan besar tinggal di rumah panggung yang ditinggikan di atas tanah rawa di luar New Orleans. Hanya berjarak sekitar lima mil ke hilir sungai dari balkon-balkon berenda besi di French Quarter New Orleans, bangunan dari semen yang cerah dan bar yang riuh membuka jalan menuju lanskap yang lebih tenang yang ditutupi rerumputan rawa liar dan lumpur tebal.
Para nelayan menjual udang segar di sepanjang jalan yang memotong Paroki St Bernard saat perahu mereka terombang-ambing di bayou (badan air rawa) di dekatnya. Pinggiran kota berusia 200 tahun yang tenang itu terkenal dengan industri perikanan dan geografinya yang unik. Ia muncul di peta pantai timur Louisiana seperti gelombang puncak dan kemudian terpecah menjadi puluhan pulau dan rawa ke Teluk Meksiko.
Saint Malo adalah pemukiman permanen Filipina pertama di Amerika Serikat dan pemukiman permanen Asia tertua yang diketahui di negara itu. Cerita tentang orang Louisiana yang kaya dan beragam sering diceritakan sebagai perpaduan dan pencampuran antara penjajah Spanyol, Acadians Prancis, penduduk asli Amerika, dan orang Afrika yang diperbudak serta orang kulit berwarna lainnya.",Inti bacaan di atas adalah ...,"(A) Bangsa Filipina mendirikan permukiman Asia pertama dan tertua di Amerika Serikat
(B) Bangsa Filipina mendirikan rumah panggung yang ditinggikan ditinggikan di luar New Orleans
(C) Orang Louisiana merupakan pencampuran antara penjajah Spanyol, Acadians Prancis, penduduk asli Amerika, dan orang Afrika
(D) Para nelayan Filipina menjual udang segar di bayou (badan air rawa) di French Quarter New Orleans
(E) Nelayan Filipina membuka jalan menuju lanskap yang lebih tenang yang ditutupi rerumputan rawa liar dan lumpur tebal.",(A) Bangsa Filipina mendirikan permukiman Asia pertama dan tertua di Amerika Serikat,inti bacaan,a19,478,104,3
li46,"Amerika Serikat, Konsumen Daging Ayam Terbesar di Dunia
(1) Daging ayam merupakan makanan terpopuler saat ini. (2) Orang Amerika mencatat bahwa konsumsi daging ayam lebih tinggi daripada daging lain. (3) Andrew Lawler, jurnalis veteran dan penulis buku Why Did the Chicken Cross the World: The Epic Saga of the Bird That Powers Civilization, menjelaskan bahwa ayam goreng sekarang ini sebenarnya berasal dari Afrika. (4) Ia mengklaim bahwa hewan yang paling penting bagi penyebaran peradaban seluruh dunia adalah ayam. (5) Dia juga mengisahkan sejarah domestikasi ayam: dari ayam hutan di kawasan Asia Selatan sampai Asia Tenggara sekitar 10.000 tahun lalu, sampai menjadi spesies fleksibel yang mampu ""melayani kebutuhan"" makanan manusia. (6) Menurutnya, ayam yang sekarang ini hidup di bumi merupakan keturunan ayam hutan merah yang amat pemalu sehingga saking pemalunya saat ditangkap, mereka bisa mati terkena serangan jantung.
(7) Namun, para ilmuwan juga yakin kalau ayam pada mulanya tidak dibawa melintasi benua. (8) Dalam masyarakat kuno, maupun dalam banyak warisan tradisi yang masih lestari dewasa ini, ayam memiliki peranan luar biasa: mempunyai fungsi sosial-spiritual seperti di ritual keagamaan. (9) Menurut Lawyer, sebenarnya dalam seluruh sejarah umat manusia, ayam sudah ada dan muncul di berbagai kebudayaan berbeda. (10) Pada buku itu juga dipaparkan mengenai terjalinnya relasi antarspesies, manusia dan ayam, yang digambarkan hubungan itu sukses, bersimbiosis mutualisme, sehingga evolusi ayam telah mendukung peradaban manusia.",Kalimat yang memuat fakta mengenai ayam dalam teks di atas dapat ditemukan pada ...,"(A) kalimat (1) paragraf pertama
(B) kalimat (3) paragraf pertama
(C) kalimat (5) paragraf pertama
(D) kalimat (7) paragraf kedua
(E) kalimat (9) paragraf kedua",(C) kalimat (5) paragraf pertama,kalimat fakta,a20,344,105,3
li47,"Amerika Serikat, Konsumen Daging Ayam Terbesar di Dunia
(1) Daging ayam merupakan makanan terpopuler saat ini. (2) Orang Amerika mencatat bahwa konsumsi daging ayam lebih tinggi daripada daging lain. (3) Andrew Lawler, jurnalis veteran dan penulis buku Why Did the Chicken Cross the World: The Epic Saga of the Bird That Powers Civilization, menjelaskan bahwa ayam goreng sekarang ini sebenarnya berasal dari Afrika. (4) Ia mengklaim bahwa hewan yang paling penting bagi penyebaran peradaban seluruh dunia adalah ayam. (5) Dia juga mengisahkan sejarah domestikasi ayam: dari ayam hutan di kawasan Asia Selatan sampai Asia Tenggara sekitar 10.000 tahun lalu, sampai menjadi spesies fleksibel yang mampu ""melayani kebutuhan"" makanan manusia. (6) Menurutnya, ayam yang sekarang ini hidup di bumi merupakan keturunan ayam hutan merah yang amat pemalu sehingga saking pemalunya saat ditangkap, mereka bisa mati terkena serangan jantung.
(7) Namun, para ilmuwan juga yakin kalau ayam pada mulanya tidak dibawa melintasi benua. (8) Dalam masyarakat kuno, maupun dalam banyak warisan tradisi yang masih lestari dewasa ini, ayam memiliki peranan luar biasa: mempunyai fungsi sosial-spiritual seperti di ritual keagamaan. (9) Menurut Lawyer, sebenarnya dalam seluruh sejarah umat manusia, ayam sudah ada dan muncul di berbagai kebudayaan berbeda. (10) Pada buku itu juga dipaparkan mengenai terjalinnya relasi antarspesies, manusia dan ayam, yang digambarkan hubungan itu sukses, bersimbiosis mutualisme, sehingga evolusi ayam telah mendukung peradaban manusia.","Popularitas ayam dalam kebudayaan manusia, menurut teks di atas, tidak hanya terjadi sekarang karena ...","(A) ayam mudah diternakkan
(B) ayam mudah dijinakkan daripada unggas liar lain
(C) berperan penting dalam tradisi masyarakat
(D) memiliki hubungan mutualistis dengan manusia
(E) ayam mendukung perkembangan peradaban manusia",(C) berperan penting dalam tradisi masyarakat,pernyataan yang ada di teks,a20,836,60,3
li48,"Gates memang dikenal aktif berkampanye tentang isu kesehatan dan kemanusiaan. Ia mendanai proyek inovatif ini melalui Gates Foundation, yayasan filantropi yang didirikannya bersama sang istri, Melinda Gates. Pendiri Microsoft ini telah lama berkomitmen membagikan air bersih kepada 700 juta penduduk miskin yang kesulitan mengakses air bersih.",Kalimat manakah yang memuat kata bermakna gramatikal sama dengan kata mendanai?,"(A) Setelah menuangkan air segelas, dia menggulai tehnya sehingga menjadi manis.
(B) Tinja justru bisa mencemari sumber dan pasokan air.
(C) Menurut Gates, sekitar 40 persen populasi dunia atau 2,5 miliar penduduk perkotaan tidak memiliki akses terhadap sanitasi yang memadai.
(D) Dia menyisipkan sehelai kertas dalam buku itu untuk membatasi halaman buku yang sudah dibacanya.
(E) Dengan alat ini, mereka dapat hidup secara sehat dan menjalani kualitas hidup yang lebih baik.","(C) Menurut Gates, sekitar 40 persen populasi dunia atau 2,5 miliar penduduk perkotaan tidak memiliki akses terhadap sanitasi yang memadai",makna sama,a21,433,336,1
li49,"Gates memang dikenal aktif berkampanye tentang isu kesehatan dan kemanusiaan. Ia mendanai proyek inovatif ini melalui Gates Foundation, yayasan filantropi yang didirikannya bersama sang istri, Melinda Gates. Pendiri Microsoft ini telah lama berkomitmen membagikan air bersih kepada 700 juta penduduk miskin yang kesulitan mengakses air bersih.","Kalimat-kalimat berikut tidak mengandung makna idiomatis, KECUALI ...","(A) Kaki tangannya terasa kaku karena terlalu lama duduk di ruang sempit.
(B) Setiap malam bulan purnama, dipentaskan sendratari Ramayana di Candi Prambanan.
(C) Kami mendapat hadiah barang pecah belah.
(D) Bulan purnama bersinar sangat terang sehingga malam menjadi terang benderang.
(E) Nenek datang dengan membawa buah tangan.",(E) Nenek datang dengan membawa buah tangan.,makna kata,a21,7,5,1
li50,"(1) Jamur yang ditemukan di tumpukan sampah di Pakistan bisa menguraikan plastik dalam hitungan minggu, bukan tahun. (2) Plastik memang telah lama dipergunakan dalam kehidupan kita. (3) Aspergillus tubingensis diketahui dapat “memakan” jenis plastik poliuretana hanya dalam delapan minggu. (4) Padahal, biasanya plastik membutuhkan waktu puluhan atau ratusan tahun untuk terurai. (5) Proses penguraian yang memakan waktu lama inilah yang membuat plastik berbahaya bagi lingkungan kita.",Kalimat manakah yang tidak berkaitan erat dengan gagasan utama paragraf?,"(A) Kalimat (1).
(B) Kalimat (2).
(C) Kalimat (3).
(D) Kalimat (4).
(E) Kalimat (5).",(B) kalimat (2),penyataan yang tidak ada di teks,a22,468,376,1
li51,"Pura-pura Hamil, Wanita Selundupkan 200 Prosesor Intel dan iPhone
(1) Seorang wanita mengelabui petugas bea cukai dengan menyatakan dirinya sedang hamil. (2) Padahal, wanita tersebut berupaya menyelundupkan ratusan prosesor Intel dan iPhone dengan mengikatnya di perut, dibalut alat prostetik. (3) Insiden ini terjadi di China. Wanita itu ketahuan berbohong saat melewati pemeriksaan bea cukai di pelabuhan Gongpei di Zhuhai, China.
(4) Awalnya, wanita itu masuk dari Makau pada 25 November. (5) Namun saat melewati pemeriksaan, petugas bea cukai mencurigai postur tubuhnya yang dinilai tak normal. (6) Ketika ditanya, wanita itu berkata dirinya sedang hamil sekitar 5-6 bulan. (7) Namun petugas tak begitu saja percaya karena menurutnya perut wanita itu terlalu besar untuk usia kehamilan tersebut.
(8) Dalam skenario normal, agak kurang etis memang untuk mengamati penampilan wanita hamil. (9) Namun ketika petugas bea cukai memakai mesin inspeksi, wanita itu ketahuan tidak benar-benar sedang hamil. Ia justru menggunakan alat prostetik di tubuhnya, yaitu alat yang menyerupai anggota tubuh. (10) Dalam kasus ini, wanita itu memakai alat prostetik perut berbahan silikon untuk membalut dan menyembunyikan 202 prosesor Intel serta sembilan iPhone.",Pernyataan yang tidak berhubungan dengan bacaan di atas adalah ...,"(A) Sejumlah 202 prosesor Intel dan 9 iPhone disembunyikan wanita di dalam alat prostetik perut
(B) Penyelundupan prosesor Intel dan iPhone digagalkan oleh bea cukai Makau
(C) Petugas bea cukai tidak menggagalkan penyelundupan prosesor Intel dan iPhone
(D) Petugas bea cukai menggunakan alat prostetik perut
(E) Postur tubuh wanita tersebut normal untuk kehamilan usia 5-6 bulan",(B) Penyelundupan prosesor Intel dan iPhone digagalkan oleh bea cukai Makau,pernyataan yang tidak ada di teks,a23,552,435,1
li52,"Pura-pura Hamil, Wanita Selundupkan 200 Prosesor Intel dan iPhone
(1) Seorang wanita mengelabui petugas bea cukai dengan menyatakan dirinya sedang hamil. (2) Padahal, wanita tersebut berupaya menyelundupkan ratusan prosesor Intel dan iPhone dengan mengikatnya di perut, dibalut alat prostetik. (3) Insiden ini terjadi di China. Wanita itu ketahuan berbohong saat melewati pemeriksaan bea cukai di pelabuhan Gongpei di Zhuhai, China.
(4) Awalnya, wanita itu masuk dari Makau pada 25 November. (5) Namun saat melewati pemeriksaan, petugas bea cukai mencurigai postur tubuhnya yang dinilai tak normal. (6) Ketika ditanya, wanita itu berkata dirinya sedang hamil sekitar 5-6 bulan. (7) Namun petugas tak begitu saja percaya karena menurutnya perut wanita itu terlalu besar untuk usia kehamilan tersebut.
(8) Dalam skenario normal, agak kurang etis memang untuk mengamati penampilan wanita hamil. (9) Namun ketika petugas bea cukai memakai mesin inspeksi, wanita itu ketahuan tidak benar-benar sedang hamil. Ia justru menggunakan alat prostetik di tubuhnya, yaitu alat yang menyerupai anggota tubuh. (10) Dalam kasus ini, wanita itu memakai alat prostetik perut berbahan silikon untuk membalut dan menyembunyikan 202 prosesor Intel serta sembilan iPhone.",Kalimat yang bersifat non formal terdapat pada ...,"(A) Kalimat (5)
(B) Kalimat (6)
(C) Kalimat (7)
(D) Kalimat (8)
(E) Kalimat (9)",(D) Kalimat (8),kalimat non formal,a23,166,26,3
li53,"Pura-pura Hamil, Wanita Selundupkan 200 Prosesor Intel dan iPhone
(1) Seorang wanita mengelabui petugas bea cukai dengan menyatakan dirinya sedang hamil. (2) Padahal, wanita tersebut berupaya menyelundupkan ratusan prosesor Intel dan iPhone dengan mengikatnya di perut, dibalut alat prostetik. (3) Insiden ini terjadi di China. Wanita itu ketahuan berbohong saat melewati pemeriksaan bea cukai di pelabuhan Gongpei di Zhuhai, China.
(4) Awalnya, wanita itu masuk dari Makau pada 25 November. (5) Namun saat melewati pemeriksaan, petugas bea cukai mencurigai postur tubuhnya yang dinilai tak normal. (6) Ketika ditanya, wanita itu berkata dirinya sedang hamil sekitar 5-6 bulan. (7) Namun petugas tak begitu saja percaya karena menurutnya perut wanita itu terlalu besar untuk usia kehamilan tersebut.
(8) Dalam skenario normal, agak kurang etis memang untuk mengamati penampilan wanita hamil. (9) Namun ketika petugas bea cukai memakai mesin inspeksi, wanita itu ketahuan tidak benar-benar sedang hamil. Ia justru menggunakan alat prostetik di tubuhnya, yaitu alat yang menyerupai anggota tubuh. (10) Dalam kasus ini, wanita itu memakai alat prostetik perut berbahan silikon untuk membalut dan menyembunyikan 202 prosesor Intel serta sembilan iPhone.",Inti bacaan di atas adalah ...,"(A) Penggagalan upaya penyelundupan prosesor Intel dan iPhone oleh wanita yang berpura-pura hamil
(B) Penyelidikan atas kasus penyelundupan prosesor Intel dan iPhone
(C) Penggunaan mesin inspeksi untuk menggagalkan penyelundupan prosesor Intel dan iPhone
(D) Petugas bea cukai bertugas menggagalkan penyelundupan
(E) Wanita yang menggunakan alat prostetik untuk menyelundupkan prosesor Intel dan iPhone",(A) Penggagalan upaya penyelundupan prosesor Intel dan iPhone oleh wanita yang berpura-pura hamil,inti bacaan,a23,376,19,3
li54,"Pentingnya Digitalisasi di Sektor Pelayaran RI
(1) Sektor digitalisasi perlu diadaptasi oleh semua sektor demi menjaga kinerja dan kelangsungan usaha. (2) Hal itu termasuk yang dilakukan pemerintah di sektor kelautan dan pelayaran. (3) Direktur Jenderal Perhubungan Laut Kementerian Perhubungan Arif Toha menjelaskan, dengan digitalisasi, pelayanan terhadap kapal mulai dari masuk pelabuhan, sandar, bongkar muat dan keluar dari pelabuhan dapat dengan mudah diproses dan diawasi. (4) Digitalisasi merupakan cara paling efektif untuk meningkatkan pelayanan, menjawab tantangan bisnis maritim secara global, mendukung kelestarian lingkungan melalui kegiatan operasional yang bersih dan efisien.
(5) Hal tersebut disampaikan Direktur Jenderal Perhubungan Laut, Arif Toha saat membuka Rapat Koordinasi Teknis (Rakornis) Bidang Lalu Lintas dan Angkutan Laut Tahun 2022 yang mengusung tema ""Layanan Digital Hadapi Tantangan Global"", di Hotel Grand Mercure Kemayoran, Rabu, dalam keterangannya ditulis Kamis (8/12/2022). (6) Dia mengatakan, digitalisasi juga tak terlepas dengan aspek lain yang tak kalah penting di sektor bisnis pelayaran. (7) Sebutnya, digitalisasi perlu didukung dengan hal mengenai tarif petikemas, standar layanan penumpang, pengelolaan kapal milik negara, kebijakan operasional kapal pesiar domestik, hingga kegiatan bongkar muat di pelabuhan.","Berdasarkan teks tersebut, kalimat
manakah yang merupakan solusi
meningkatkan pelayanan sektor kelautan
...","(A) (1)
(B) (2)
(C) (3)
(D) (4)
(E) (5)",(D) (4),kalimat solusi,a24,432,419,1
li55,"Pentingnya Digitalisasi di Sektor Pelayaran RI
(1) Sektor digitalisasi perlu diadaptasi oleh semua sektor demi menjaga kinerja dan kelangsungan usaha. (2) Hal itu termasuk yang dilakukan pemerintah di sektor kelautan dan pelayaran. (3) Direktur Jenderal Perhubungan Laut Kementerian Perhubungan Arif Toha menjelaskan, dengan digitalisasi, pelayanan terhadap kapal mulai dari masuk pelabuhan, sandar, bongkar muat dan keluar dari pelabuhan dapat dengan mudah diproses dan diawasi. (4) Digitalisasi merupakan cara paling efektif untuk meningkatkan pelayanan, menjawab tantangan bisnis maritim secara global, mendukung kelestarian lingkungan melalui kegiatan operasional yang bersih dan efisien.
(5) Hal tersebut disampaikan Direktur Jenderal Perhubungan Laut, Arif Toha saat membuka Rapat Koordinasi Teknis (Rakornis) Bidang Lalu Lintas dan Angkutan Laut Tahun 2022 yang mengusung tema ""Layanan Digital Hadapi Tantangan Global"", di Hotel Grand Mercure Kemayoran, Rabu, dalam keterangannya ditulis Kamis (8/12/2022). (6) Dia mengatakan, digitalisasi juga tak terlepas dengan aspek lain yang tak kalah penting di sektor bisnis pelayaran. (7) Sebutnya, digitalisasi perlu didukung dengan hal mengenai tarif petikemas, standar layanan penumpang, pengelolaan kapal milik negara, kebijakan operasional kapal pesiar domestik, hingga kegiatan bongkar muat di pelabuhan.","Menurut bacaan, aspek-aspek pendukung digitalisasi pelayaran antara lain ...","(A) Pengaturan tarif petikemas, standar layanan penumpang, pengelolaan kapal milik negara
(B) Adaptasi sektor digital untuk menjaga kinerja dan kelangsungan usaha
(C) Digitalisasi terhadap kapal dan pelayaran
(D) Menjawab tantangan bisnis maritim secara global
(E) Mendukung kegiatan operasional yang bersih dan efisien","(A) Pengaturan tarif petikemas, standar layanan penumpang, pengelolaan kapal milik negara",kalimat pendukung,a24,794,287,3
li56,"Korupsi Memicu Parahnya Emisi Karbon di Asia, termasuk Indonesia
Hasil sebuah penelitian baru mengungkapkan bahwa korupsi yang meluas telah menghalangi negara-negara Asia untuk secara efektif menerapkan langkah-langkah untuk mengurangi emisi karbon dioksida (CO2), zat yang diketahui berkontribusi terhadap pemanasan global. Hal ini juga termasuk terjadi di Indonesia.
Menurut Center for Global Development, sebuah lembaga think tank yang berbasis di London dan Washington, negara-negara berkembang kini bertanggung jawab atas 63% emisi karbon tahunan. Industri, kekuasaan, dan kekayaan, yang telah lama dimonopoli oleh segelintir negara maju, kini berkembang pesat di negara-negara berkembang, kata mereka. 
Peningkatan emisi karbon merupakan konsekuensi dari pertumbuhan ekonomi di negara-negara berkembang di Asia yang juga tampaknya memiliki risiko yang lebih besar dibandingkan wilayah lain dari dampak perubahan iklim, karena alasan sosial, geografis, dan ekonomi, kata para peneliti.
Dalam studi tersebut, para peneliti menunjukkan bahwa sehubungan dengan pengurangan emisi karbon, korupsi merupakan faktor yang memprihatinkan. Jika korupsi meningkat 1%, emisi karbon juga akan meningkat 0,19%, kata studi tersebut. Laporan peneliti ini telah diterbitkan dalam jurnal Utilities Policy edisi Desember 2022. Penelitian ini menilai data antara tahun 1960 dan 2020 dari 47 negara di Asia termasuk Indonesia, Bangladesh, Kamboja, India, Malaysia, Maladewa, Myanmar, dan Nepal.","Menurut bacaan, bagaimana hubungan antara korupsi dengan peningkatan emisi karbon ...","(A) Laporan penelitian ini  memberikan gambaran bahwa korupsi bertanggung jawab atas 63% emisi karbon
(B) Korupsi memberikan dampak pada perubahan iklim karena alasan sosial, geografis, dan ekonomi
(C) peningkatan korupsi berbanding lurus dengan peningkatan emisi karbon
(D) peningkatan emisi karbon tidak bisa dilepaskan dari pertumbuhan ekonomi
(E) korupsi menghalangi negara-negara di dunia mengurangi emisi karbon",(C) peningkatan korupsi berbanding lurus dengan peningkatan emisi karbon,penyataan yang ada di teks,a25,1,0,3
li57,"Korupsi Memicu Parahnya Emisi Karbon di Asia, termasuk Indonesia
Hasil sebuah penelitian baru mengungkapkan bahwa korupsi yang meluas telah menghalangi negara-negara Asia untuk secara efektif menerapkan langkah-langkah untuk mengurangi emisi karbon dioksida (CO2), zat yang diketahui berkontribusi terhadap pemanasan global. Hal ini juga termasuk terjadi di Indonesia.
Menurut Center for Global Development, sebuah lembaga think tank yang berbasis di London dan Washington, negara-negara berkembang kini bertanggung jawab atas 63% emisi karbon tahunan. Industri, kekuasaan, dan kekayaan, yang telah lama dimonopoli oleh segelintir negara maju, kini berkembang pesat di negara-negara berkembang, kata mereka. 
Peningkatan emisi karbon merupakan konsekuensi dari pertumbuhan ekonomi di negara-negara berkembang di Asia yang juga tampaknya memiliki risiko yang lebih besar dibandingkan wilayah lain dari dampak perubahan iklim, karena alasan sosial, geografis, dan ekonomi, kata para peneliti.
Dalam studi tersebut, para peneliti menunjukkan bahwa sehubungan dengan pengurangan emisi karbon, korupsi merupakan faktor yang memprihatinkan. Jika korupsi meningkat 1%, emisi karbon juga akan meningkat 0,19%, kata studi tersebut. Laporan peneliti ini telah diterbitkan dalam jurnal Utilities Policy edisi Desember 2022. Penelitian ini menilai data antara tahun 1960 dan 2020 dari 47 negara di Asia termasuk Indonesia, Bangladesh, Kamboja, India, Malaysia, Maladewa, Myanmar, dan Nepal.",Simpulan yang tepat bacaan di atas adalah...,"(A) Korupsi menyulitkan negara-negara berkembang mengurangi emisi karbon
(B) Karbon dioksida berkontribusi terhadap pemanasan global.
(C) Laporan penelitian tersebut menyatakan data Indonesia, Bangladesh, Kamboja, India, Malaysia, Maladewa, Myanmar, dan Nepal
(D) jurnal Utilities Policy edisi Desember 2022 melaporkan emisi karbon dimonopoli sedikit negara maju
(E) Negara maju memiliki risiko yang lebih besar dibandingkan wilayah lain dari dampak perubahan iklim",(A) Korupsi menyulitkan negara-negara berkembang mengurangi emisi karbon,kesimpulan,a25,484,191,3
li58,"Korupsi Memicu Parahnya Emisi Karbon di Asia, termasuk Indonesia
Hasil sebuah penelitian baru mengungkapkan bahwa korupsi yang meluas telah menghalangi negara-negara Asia untuk secara efektif menerapkan langkah-langkah untuk mengurangi emisi karbon dioksida (CO2), zat yang diketahui berkontribusi terhadap pemanasan global. Hal ini juga termasuk terjadi di Indonesia.
Menurut Center for Global Development, sebuah lembaga think tank yang berbasis di London dan Washington, negara-negara berkembang kini bertanggung jawab atas 63% emisi karbon tahunan. Industri, kekuasaan, dan kekayaan, yang telah lama dimonopoli oleh segelintir negara maju, kini berkembang pesat di negara-negara berkembang, kata mereka. 
Peningkatan emisi karbon merupakan konsekuensi dari pertumbuhan ekonomi di negara-negara berkembang di Asia yang juga tampaknya memiliki risiko yang lebih besar dibandingkan wilayah lain dari dampak perubahan iklim, karena alasan sosial, geografis, dan ekonomi, kata para peneliti.
Dalam studi tersebut, para peneliti menunjukkan bahwa sehubungan dengan pengurangan emisi karbon, korupsi merupakan faktor yang memprihatinkan. Jika korupsi meningkat 1%, emisi karbon juga akan meningkat 0,19%, kata studi tersebut. Laporan peneliti ini telah diterbitkan dalam jurnal Utilities Policy edisi Desember 2022. Penelitian ini menilai data antara tahun 1960 dan 2020 dari 47 negara di Asia termasuk Indonesia, Bangladesh, Kamboja, India, Malaysia, Maladewa, Myanmar, dan Nepal.",Kata emisi dalam bacaan adalah ....,"(A) Bahan bakar yang dialirkan ke udara
(B) Pemancaran cahaya, panas, atau elektron
(C) Pembakaran udara yang tidak mengakibatkan resiko lingkungan
(D) Pembakaran yang terjadi di dalam ruang hampa
(E) Zat pencemar udara yang dihasilkan dari kegiatan manusia",(E) Zat pencemar udara yang dihasilkan dari kegiatan manusia,makna kata,a25,569,43,3
li59,"Internet 5G Vs 4G di Indonesia, Segini Beda Kecepatannya 
Jaringan internet generasi kelima atau 5G di Indonesia hadir sejak pertengahan 2021 lalu. Meski penetrasinya masih rendah, operator seluler di Tanah Air kian memperluas cakupan jaringan 5G ini. 5G digadang sebagai jaringan internet berkecepatan tinggi untuk masa depan. Pemanfaatan 5G tidak sekadar ""internetan"", tetapi juga digunakan di beragam sektor, seperti misalnya mobil otonom (autonomous).
""Riset terbaru OpenSignal menunjukkan bahwa di Indonesia, 4G masih memiliki keunggulan dibanding WiFi, baik WiFi publik maupun swasta. Namun, 5G memberikan pengalaman yang jauh lebih baik dibanding 4G dan WiFi,"" kata Hardik Khatri, analis OpenSignal dikutip KompasTekno dari situs resmi OpenSignal, Rabu (7/12/2022). Jika dibandingkan dengan 4G, persebaran 5G di Indonesia masih kecil. Namun, kecepatannya jauh lebih tinggi dibandingkan 4G.
Menurut lembaga riset Opensignal, kecepatan unduh (download) rata-rata jaringan 5G di Indonesia mencapai 54,6 Mbps, tiga kali lebih cepat dibanding 4G. Pasalnya, rata-rata kecepatan unduh yang ditawarkan 4G di Indonesia adalah 17 Mbps, sementara WiFi adalah 14,6 Mbps.
Angka tersebut berasal dari data yang dihimpun pada 1 Agustus - 29 Oktober 2022 di Indonesia. Laporan OpenSignal menunjukkan jaringan 5G unggul jauh dalam kecepatan unggah (upload) dibanding 4G maupun WiFi. Rata-rata kecepatan upload 5G adalah 19,6 Mbps. Angka ini 2,5 kali lebih cepat dari 4G dan 3,1 kali lebih cepat dibanding WiFi. Kecepatan upload rata-rata 4G di Indonesia adalah 7,7 Mbps, sementara kecepatan upload melalui jaringan WiFi rata-rata 6,3 Mbps.",Berdasarkan informasi teks tersebut diketahui bahwa ...,"(A) Cakupan internet 5G lebih luas dibandingkan 4G
(B) Teknologi 5G dapat dimanfaatkan untuk teknologi kendaraan nirawak
(C) Jaringan 5G memberikan kecepatan rata-rata unduh sekitar 17Mbps
(D) Data kecepatan unduh dan unggah didapatkan pada pertengahan 2021 lalu
(E) Perbandingan kecepatan 5G dengan 4G tidak signifikan",(B) Teknologi 5G dapat dimanfaatkan untuk teknologi kendaraan nirawak,pernyataan yang ada di teks,a26,743,689,1
li60,"Internet 5G Vs 4G di Indonesia, Segini Beda Kecepatannya 
Jaringan internet generasi kelima atau 5G di Indonesia hadir sejak pertengahan 2021 lalu. Meski penetrasinya masih rendah, operator seluler di Tanah Air kian memperluas cakupan jaringan 5G ini. 5G digadang sebagai jaringan internet berkecepatan tinggi untuk masa depan. Pemanfaatan 5G tidak sekadar ""internetan"", tetapi juga digunakan di beragam sektor, seperti misalnya mobil otonom (autonomous).
""Riset terbaru OpenSignal menunjukkan bahwa di Indonesia, 4G masih memiliki keunggulan dibanding WiFi, baik WiFi publik maupun swasta. Namun, 5G memberikan pengalaman yang jauh lebih baik dibanding 4G dan WiFi,"" kata Hardik Khatri, analis OpenSignal dikutip KompasTekno dari situs resmi OpenSignal, Rabu (7/12/2022). Jika dibandingkan dengan 4G, persebaran 5G di Indonesia masih kecil. Namun, kecepatannya jauh lebih tinggi dibandingkan 4G.
Menurut lembaga riset Opensignal, kecepatan unduh (download) rata-rata jaringan 5G di Indonesia mencapai 54,6 Mbps, tiga kali lebih cepat dibanding 4G. Pasalnya, rata-rata kecepatan unduh yang ditawarkan 4G di Indonesia adalah 17 Mbps, sementara WiFi adalah 14,6 Mbps.
Angka tersebut berasal dari data yang dihimpun pada 1 Agustus - 29 Oktober 2022 di Indonesia. Laporan OpenSignal menunjukkan jaringan 5G unggul jauh dalam kecepatan unggah (upload) dibanding 4G maupun WiFi. Rata-rata kecepatan upload 5G adalah 19,6 Mbps. Angka ini 2,5 kali lebih cepat dari 4G dan 3,1 kali lebih cepat dibanding WiFi. Kecepatan upload rata-rata 4G di Indonesia adalah 7,7 Mbps, sementara kecepatan upload melalui jaringan WiFi rata-rata 6,3 Mbps.",Simpulan teks di atas adalah ...,"(A) Data OpenSignal didapatkan pada 1 Agustus - 29 Oktober 2022
(B) Kecepatan 4G di Indonesia lebih baik ketimbang WiFi
(C) Riset OpenSignal menyarankan masyarakat untuk berpindah ke jaringan 4G
(D) Jaringan 5G unggul dalam hal kecepatan unduh dan unggah dibanding 4G namun persebarannya masih kecil
(E) Rata-rata jaringan 5G di Indonesia tiga kali lebih cepat dibanding 4G.",(D) Jaringan 5G unggul dalam hal kecepatan unduh dan unggah dibanding 4G namun persebarannya masih kecil,kesimpulan,a26,927,350,3